어린이집명,어린이집등급,보육과정 및 상호작용,보육환경 및 운영관리,건강 및 안전,교직원,평가 인증 년월,우편번호,시군구명,어린이집코드,어린이집유형,상세주소,전화번호,시설 위도(좌표값),시설 경도(좌표값),제공서비스,평가 인증 년,평가완료여부,평가예정날짜,평가마감날짜,시
kids-sure어린이집,A,우수,우수,우수,우수,2021-07-01 0:00:00,3187,종로구,11110000147,직장,서울특별시 종로구 종로 14 (서린동),02-723-1272,37.570421,126.9862765,일반,2021,N,2024. 7. 1,2024. 7. 15,서울특별시
구기어린이집,A,우수,우수,우수,우수,2021-07-01 0:00:00,3012,종로구,11110000154,민간,서울특별시 종로구 진흥로22길 8-1 (구기동),02-391-7072,37.60668049,126.958301,야간연장,2021,N,2024. 7. 1,2024. 7. 15,서울특별시
라이나생명 키즈나루 어린이집,A,우수,우수,우수,우수,2021-05-01 0:00:00,3156,종로구,11110000178,직장,서울특별시 종로구 삼봉로 48 시그나 빌딩 2층,02-3779-8170,37.57209526,126.9800091,일반,2021,N,2024. 5. 1,2024. 5. 15,서울특별시
삼양어린이집,A,우수,우수,우수,우수,2021-01-01 0:00:00,3129,종로구,11110000176,직장,서울특별시 종로구 종로33길 31,02-760-5081,37.57261232,127.0010958,일반,2021,Y,2024. 2. 1,2024. 2. 15,서울특별시
서울지방국세청 우리누리어린이집,A,우수,우수,우수,우수,2021-09-01 0:00:00,3151,종로구,11110000179,직장,서울특별시 종로구 종로5길 86,02-739-5100,37.57413147,126.9797709,일반,2021,N,2024. 9. 1,2024. 9. 15,서울특별시
종로생명숲어린이집,A,우수,우수,우수,우수,2021-09-01 0:00:00,3009,종로구,11110000155,국공립,서울특별시 종로구 평창문화로 73-7 종로생명숲어린이집,02-359-1671,37.60646733,126.9681766,야간연장,2021,N,2024. 9. 1,2024. 9. 15,서울특별시
SKT행복날개어린이집,A,우수,우수,우수,우수,2021-07-01 0:00:00,4539,중구,11140000057,직장,서울특별시 중구 을지로2가 을지로 65 SK-T타워 3층,02-6100-0115,37.56647,126.9851118,일반,2021,N,2024. 7. 1,2024. 7. 15,서울특별시
SK브로드밴드 행복한 어린이집,A,우수,우수,우수,우수,2021-07-01 0:00:00,4637,중구,11140000099,직장,서울특별시 중구 남대문로5가 퇴계로 24 SK남산그린빌딩 4층,02-6266-2300,37.556619,126.9759616,야간연장,2021,N,2024. 7. 1,2024. 7. 15,서울특별시
농협중앙회어린이집,A,우수,우수,우수,우수,2021-08-01 0:00:00,4516,중구,11140000087,직장,서울특별시 중구 새문안로 16,02-2080-4941,37.56646362,126.9677369,일반,2021,N,2024. 8. 1,2024. 8. 15,서울특별시
다솜어린이집,A,우수,우수,우수,우수,2021-08-01 0:00:00,4593,중구,11140000028,국공립,"서울특별시 중구 동호로10길 30 103동 101호(신당동, 약수하이츠)",02-2236-9121,37.55472522,127.0146044,일반,2021,N,2024. 8. 1,2024. 8. 15,서울특별시
키즈일레븐어린이집,A,우수,우수,우수,우수,2021-04-01 0:00:00,4637,중구,11140000117,직장,서울특별시 중구 한강대로 416 2층,02-6456-8560,37.55583997,126.9733362,일반,2021,N,2024. 4. 1,2024. 4. 15,서울특별시
국립중앙박물관 해누림 어린이집,A,우수,우수,우수,우수,2021-05-01 0:00:00,4383,용산구,11170000207,직장,서울특별시 용산구 서빙고로 137 국립중앙박물관,02-2077-9048,37.52349496,126.9776012,일반,2021,N,2024. 5. 1,2024. 5. 15,서울특별시
꼬마성어린이집,A,우수,우수,우수,우수,2021-07-01 0:00:00,4393,용산구,11170000159,가정,"서울특별시 용산구 장문로6길 76 1단지 1-3 (동빙고동,용산푸르지오파크타운)",02-794-2796,37.52160605,126.9946438,야간연장,2021,N,2024. 7. 1,2024. 7. 15,서울특별시
꿈꾸는어린이집,A,우수,우수,우수,우수,2021-02-01 0:00:00,4319,용산구,11170000035,가정,"서울특별시 용산구 효창원로69길 57 101동 104호(효창동, 효창베네스빌)",02-719-6545,37.54166978,126.9612742,일반,2021,Y,2024. 2. 1,2024. 2. 15,서울특별시
노벨어린이집,A,우수,우수,우수,우수,2021-07-01 0:00:00,4331,용산구,11170000164,가정,서울특별시 용산구 후암로22길 10 104호(후암동),02-796-7270,37.55139781,126.977295,일반,2021,N,2024. 7. 1,2024. 7. 15,서울특별시
늘해랑어린이집,A,우수,우수,우수,우수,2021-02-01 0:00:00,4380,용산구,11170000124,가정,"서울특별시 용산구 이촌로29길 21-7 101동 101호(한강로3가, 우림필유아파트)",02-792-4683,37.52546826,126.9597476,일반,2021,Y,2024. 2. 1,2024. 2. 15,서울특별시
맘앤키즈어린이집,B,우수,우수,보통,우수,2021-07-01 0:00:00,4358,용산구,11170000141,가정,"서울특별시 용산구 효창원로 17 107동 105호(산천동, 삼성리버힐아파트)",02-719-4183,37.53487888,126.9508027,일반,2021,N,2024. 7. 1,2024. 7. 15,서울특별시
목멱어린이집,A,우수,우수,우수,우수,2021-02-01 0:00:00,4346,용산구,11170000208,국공립,서울특별시 용산구 회나무로12나길 10,02-6954-2057,37.53904801,126.9909255,일반,2021,Y,2024. 2. 1,2024. 2. 15,서울특별시
샘물어린이집,A,우수,우수,우수,우수,2021-07-01 0:00:00,4361,용산구,11170000188,국공립,서울특별시 용산구 원효로4가 원효로19길 49,02-701-0505,37.53421027,126.9545942,장애아통합,2021,N,2024. 7. 1,2024. 7. 15,서울특별시
스타터즈어린이집,B,우수,보통,우수,보통,2021-09-01 0:00:00,4427,용산구,11170000092,민간,서울특별시 용산구 이촌로 174 동부센트레빌 105,02-749-8247,37.52095297,126.9665017,일반,2021,N,2024. 9. 1,2024. 9. 15,서울특별시
용산구청직장어린이집,B,우수,우수,우수,우수,2021-02-01 0:00:00,4390,용산구,11170000140,직장,서울특별시 용산구 녹사평대로 150 종합행정타운 1층 (이태원동),02-794-2543,37.53244208,126.9903466,일반,2021,Y,2024. 2. 1,2024. 2. 15,서울특별시
용산소방서직장어린이집,A,우수,우수,우수,우수,2021-02-01 0:00:00,4375,용산구,11170000206,직장,서울특별시 용산구 한강대로 167 용산소방서,02-749-6034,37.53408944,126.971579,일반,2021,Y,2024. 2. 1,2024. 2. 15,서울특별시
용산캐슬어린이집,A,우수,우수,우수,우수,2021-02-01 0:00:00,4317,용산구,11170000205,국공립,"서울특별시 용산구 백범로 313 키즈클럽(효창동,롯데캐슬센터포레)",02-712-7942,37.53981745,126.9630736,일반,2021,Y,2024. 2. 1,2024. 2. 15,서울특별시
청운어린이집,B,우수,우수,우수,보통,2021-02-01 0:00:00,4306,용산구,11170000061,민간,서울특별시 용산구 효창원로94길 23 (청파동1가),02-715-1657,37.54828177,126.9647823,야간연장,2021,Y,2024. 2. 1,2024. 2. 15,서울특별시
청화어린이집,B,우수,보통,우수,우수,2021-01-01 0:00:00,4416,용산구,11170000049,가정,"서울특별시 용산구 보광로 14 A동 108호(보광동, 신동아1차아파트)",02-3785-1684,37.52574417,127.0017389,일반,2021,Y,2024. 1. 1,2024. 1. 15,서울특별시
푸른꿈어린이집,B,우수,보통,우수,우수,2021-08-01 0:00:00,4355,용산구,11170000190,국공립,"서울특별시 용산구 백범로 260 효창파크푸르지오아파트 104동, 1층",02-719-9989,37.54023934,126.9583324,야간연장,2021,N,2024. 8. 1,2024. 8. 15,서울특별시
푸른숲속어린이집,A,우수,우수,우수,우수,2021-03-01 0:00:00,4358,용산구,11170000122,가정,"서울특별시 용산구 효창원로 17 104동 103호(산천동, 리버힐삼성아파트)",02-701-5437,37.53487888,126.9508027,일반,2021,N,2024. 3. 1,2024. 3. 15,서울특별시
구립 극동미라주어린이집,A,우수,우수,우수,우수,2021-07-01 0:00:00,4721,성동구,11200000377,국공립,"서울특별시 성동구 난계로 73 101동 110호(하왕십리동, 극동미라주 아파트)",02-2295-4002,37.55507412,127.0266748,일반,2021,N,2024. 7. 1,2024. 7. 15,서울특별시
구립 독서당어린이집,A,우수,우수,우수,우수,2021-07-01 0:00:00,4733,성동구,11200000336,국공립,서울특별시 성동구 매봉길 17 래미안리버젠 2단지,02-2299-2929,37.54650054,127.0144754,야간연장,2021,N,2024. 7. 1,2024. 7. 15,서울특별시
구립 벽산어린이집,A,우수,우수,우수,우수,2021-07-01 0:00:00,4718,성동구,11200000070,국공립,"서울특별시 성동구 금호동1가 행당로6길 2 (금호동1가, 금호벽산제2관리소 2층)",02-2296-3062,37.55539336,127.0253734,야간연장,2021,N,2024. 7. 1,2024. 7. 15,서울특별시
구립 성삼보듬이나눔이어린이집,A,우수,우수,우수,우수,2021-07-01 0:00:00,4795,성동구,11200000342,국공립,서울특별시 성동구 성수동2가 광나루로 242-17,02-466-3028,37.5487548,127.0565635,야간연장,2021,N,2024. 7. 1,2024. 7. 15,서울특별시
구립 센트라스나래어린이집,A,우수,우수,우수,우수,2021-07-01 0:00:00,4701,성동구,11200000376,국공립,"서울특별시 성동구 왕십리로 410 하왕십리동, 123동",02-2291-2017,37.56575099,127.0264466,일반,2021,N,2024. 7. 1,2024. 7. 15,서울특별시
구립 센트라스라온어린이집,A,우수,우수,우수,우수,2021-07-01 0:00:00,4701,성동구,11200000373,국공립,"서울특별시 성동구 왕십리로 410 129동(하왕십리동, 센트라스)",02-2296-3002,37.56499368,127.0284554,일반,2021,N,2024. 7. 1,2024. 7. 15,서울특별시
구립 센트라스아띠어린이집,A,우수,우수,우수,우수,2021-07-01 0:00:00,4701,성동구,11200000375,국공립,"서울특별시 성동구 왕십리로 410 하왕십리동, 센트라스 101동",02-2292-2295,37.56704892,127.0241097,일반,2021,N,2024. 7. 1,2024. 7. 15,서울특별시
구립 센트라스으뜸어린이집,A,우수,우수,우수,우수,2021-07-01 0:00:00,4701,성동구,11200000374,국공립,"서울특별시 성동구 왕십리로 410 하왕십리동, 센트라스 128동",02-2282-4650,37.56538647,127.0246638,일반,2021,N,2024. 7. 1,2024. 7. 15,서울특별시
구립 옥수파크어린이집,A,우수,우수,우수,우수,2021-07-01 0:00:00,4731,성동구,11200000370,국공립,"서울특별시 성동구 매봉길 50 110동 (옥수동, 옥수파크힐스 1단지)",02-2282-3241,37.54853505,127.0140492,일반,2021,N,2024. 7. 1,2024. 7. 15,서울특별시
구립 옥수힐스어린이집,A,우수,우수,우수,우수,2021-07-01 0:00:00,4731,성동구,11200000371,국공립,"서울특별시 성동구 매봉길 50 (옥수동, 옥수파크힐스 2단지)",02-2281-7979,37.54729369,127.0121218,일반,2021,N,2024. 7. 1,2024. 7. 15,서울특별시
꽃가람어린이집,A,우수,우수,우수,우수,2021-08-01 0:00:00,4700,성동구,11200000347,가정,"서울특별시 성동구 마장로 137 208동 101호(상왕십리동, 텐즈힐 아파트)",02-2299-6400,37.56782358,127.0250517,일반,2021,N,2024. 8. 1,2024. 8. 15,서울특별시
늘푸른 어린이집,A,우수,우수,우수,우수,2021-02-01 0:00:00,4726,성동구,11200000308,가정,"서울특별시 성동구 금호산길 8 108-105(금호동3가,금호1차푸르지오)",02-2253-0079,37.54884008,127.0196819,일반,2021,Y,2024. 2. 1,2024. 2. 15,서울특별시
도담아이 어린이집,A,우수,우수,우수,우수,2021-08-01 0:00:00,4713,성동구,11200000344,가정,"서울특별시 성동구 행당로 79 119동 103호(행당동, 대림아파트)",02-6213-5410,37.558204,127.0275067,일반,2021,N,2024. 8. 1,2024. 8. 15,서울특별시
두리두리어린이집,A,우수,우수,우수,우수,2021-07-01 0:00:00,4710,성동구,11200000129,가정,"서울특별시 성동구 왕십리로31나길 22 3동 109호(하왕십리동, 한신무학아파트)",02-2295-5689,37.56257201,127.0281483,일반,2021,N,2024. 7. 1,2024. 7. 15,서울특별시
또또 어린이집,A,우수,우수,우수,우수,2021-07-01 0:00:00,4717,성동구,11200000154,가정,"서울특별시 성동구 행당로 82 111동 101호(행당동, 해모로한진타운)",02-2281-8992,37.55593461,127.0290936,일반,2021,N,2024. 7. 1,2024. 7. 15,서울특별시
모두의 숲 어린이집,A,우수,우수,우수,우수,2021-06-01 0:00:00,4790,성동구,11200000396,직장,서울특별시 성동구 상원6나길 22-7,02-463-0312,37.54753876,127.0498872,일반,2021,N,2024. 6. 1,2024. 6. 15,서울특별시
샛별어린이집,A,우수,우수,우수,우수,2021-08-01 0:00:00,4788,성동구,11200000348,가정,"서울특별시 성동구 성수동1가 상원길 63 101동 103호(성수동1가, 쌍용아파트)",02-498-5579,37.55013567,127.0471085,일반,2021,N,2024. 8. 1,2024. 8. 15,서울특별시
세림 어린이집,B,보통,우수,우수,우수,2021-01-01 0:00:00,4757,성동구,11200000109,가정,"서울특별시 성동구 마장로42길 14 6동 104호(마장동, 세림아파트)",02-2298-1553,37.56499505,127.0451705,일반,2021,Y,2024. 1. 1,2024. 1. 15,서울특별시
아이뜰어린이집,A,우수,우수,우수,우수,2021-07-01 0:00:00,4747,성동구,11200000304,가정,서울특별시 성동구 고산자로 160 대림강변아파트 112-101,02-6219-0536,37.55378857,127.0350561,일반,2021,N,2024. 7. 1,2024. 7. 15,서울특별시
아이사랑영재 어린이집,A,우수,우수,우수,우수,2021-07-01 0:00:00,4746,성동구,11200000116,가정,"서울특별시 성동구 고산자로 164 102동 104호(행당동, 행당한신)",02-2299-4470,37.55648283,127.0352744,일반,2021,N,2024. 7. 1,2024. 7. 15,서울특별시
토토어린이집,B,우수,우수,우수,보통,2021-05-01 0:00:00,4737,성동구,11200000314,가정,"서울특별시 성동구 금호동4가 금호로 17 203동 104호(금호동4가, 서울숲2차푸르지오)",02-6326-3977,37.546881,127.0240715,일반,2021,N,2024. 5. 1,2024. 5. 15,서울특별시
힐스테이트 어린이집,A,우수,우수,우수,우수,2021-07-01 0:00:00,4780,성동구,11200000283,민간,서울특별시 성동구 성수일로4길 26 서울숲힐스테이트 아파트 단지내 관리노인정 1층 (성수동2가),02-466-5331,37.54123386,127.0521307,일반,2021,N,2024. 7. 1,2024. 7. 15,서울특별시
KB구의 어린이집,A,우수,우수,우수,우수,2021-03-01 0:00:00,4977,광진구,11215000355,직장,서울특별시 광진구 광나루로 525 3층,02-6235-7977,37.54511534,127.0880028,일반,2021,N,2024. 3. 1,2024. 3. 15,서울특별시
구립 능동 꿈맞이어린이집,A,우수,우수,우수,우수,2021-07-01 0:00:00,4987,광진구,11215000334,국공립,서울특별시 광진구 천호대로120길 32,02-457-7532,37.55279334,127.0859691,"일반,시간제보육",2021,N,2024. 7. 1,2024. 7. 15,서울특별시
구립 아이와나무어린이집,A,우수,우수,우수,우수,2021-08-01 0:00:00,4931,광진구,11215000357,국공립,서울특별시 광진구 천호대로123길 4-4,02-452-5579,37.55523866,127.0871885,일반,2021,N,2024. 8. 1,2024. 8. 15,서울특별시
구립 우리아이어린이집,A,우수,우수,우수,우수,2021-07-01 0:00:00,5036,광진구,11215000356,국공립,서울특별시 광진구 구의로4길 21 구의동,010-4697-9933,37.54012729,127.0908384,일반,2021,N,2024. 7. 1,2024. 7. 15,서울특별시
구립 원스쿨어린이집,A,우수,우수,우수,우수,2021-07-01 0:00:00,4984,광진구,11215000336,국공립,서울특별시 광진구 아차산로69길 19 현대아파트 902동 104호,02-6451-8801,37.54300096,127.0979692,일반,2021,N,2024. 7. 1,2024. 7. 15,서울특별시
구립 자양4동어린이집,B,우수,우수,보통,우수,2021-07-01 0:00:00,5073,광진구,11215000012,국공립,서울특별시 광진구 아차산로32길 17 (자양동),02-463-4959,37.53913,127.06851,"장애아통합,야간연장",2021,N,2024. 7. 1,2024. 7. 15,서울특별시
구립 중곡1동 자람터어린이집,A,우수,우수,우수,우수,2021-08-01 0:00:00,4917,광진구,11215000333,국공립,서울특별시 광진구 긴고랑로8길 76,02-469-7942,37.56038686,127.0772926,"장애아통합,야간연장",2021,N,2024. 8. 1,2024. 8. 15,서울특별시
구립 휴먼시아어린이집,A,우수,우수,우수,우수,2021-07-01 0:00:00,4981,광진구,11215000335,국공립,"서울특별시 광진구 천호대로 716 102동 102호(구의동, 휴먼시아아파트)",02-456-9709,37.54827356,127.0935718,일반,2021,N,2024. 7. 1,2024. 7. 15,서울특별시
구립 희망샘어린이집,A,우수,우수,우수,우수,2021-08-01 0:00:00,4944,광진구,11215000326,국공립,서울특별시 광진구 긴고랑로37길 8 (중곡동),02-458-1324,37.55930799,127.0902083,"장애아통합,야간연장",2021,N,2024. 8. 1,2024. 8. 15,서울특별시
다예린어린이집,A,우수,우수,우수,우수,2021-07-01 0:00:00,4967,광진구,11215000217,민간,서울특별시 광진구 광장로 65 (광장동),02-455-2366,37.54753175,127.1043075,일반,2021,N,2024. 7. 1,2024. 7. 15,서울특별시
산위의마을어린이집,A,우수,우수,우수,우수,2021-01-01 0:00:00,4926,광진구,11215000078,민간,서울특별시 광진구 용마산로7길 39 (중곡동),02-457-8953,37.55948,127.08544,일반,2021,Y,2024. 1. 1,2024. 1. 15,서울특별시
서울교통공사대공원어린이집,A,우수,우수,우수,우수,2021-01-01 0:00:00,4998,광진구,11215000143,직장,서울특별시 광진구 능동로 247-1 (군자동),02-6311-7979,37.55230287,127.076253,일반,2021,Y,2024. 1. 1,2024. 1. 15,서울특별시
아이비키즈어린이집,A,우수,우수,우수,우수,2021-07-01 0:00:00,5070,광진구,11215000290,민간,"서울특별시 광진구 뚝섬로35길 14 (자양동, 한라아파트,  상가 B동 101호",02-446-1260,37.53511887,127.070796,일반,2021,N,2024. 7. 1,2024. 7. 15,서울특별시
좋은어린이집,B,우수,우수,보통,우수,2021-08-01 0:00:00,5049,광진구,11215000185,민간,서울특별시 광진구 구의강변로3길 31 (구의동),02-454-8548,37.53620501,127.090321,야간연장,2021,N,2024. 8. 1,2024. 8. 15,서울특별시
SDA꿈사랑어린이집,B,우수,우수,보통,우수,2021-02-01 0:00:00,2436,동대문구,11230000327,가정,"서울특별시 동대문구 망우로 95 102동 101호(휘경동,  롯데아파트)",02-960-5284,37.59105466,127.0637696,야간연장,2021,Y,2024. 2. 1,2024. 2. 15,서울특별시
꼬꼬마어린이집,B,우수,보통,우수,보통,2021-01-01 0:00:00,2624,동대문구,11230000237,가정,서울특별시 동대문구 답십리로68길 52-4,02-2213-2020,37.57036913,127.0684373,일반,2021,Y,2024. 1. 1,2024. 1. 15,서울특별시
꿈둥이어린이집,A,우수,우수,우수,우수,2021-08-01 0:00:00,2638,동대문구,11230000457,가정,"서울특별시 동대문구 장안벚꽃로 107 105동 104호 (장안동, 현대홈타운아파트)",02-3394-8300,37.57072761,127.0762322,일반,2021,N,2024. 8. 1,2024. 8. 15,서울특별시
늘봄어린이집,A,우수,우수,우수,우수,2021-08-01 0:00:00,2437,동대문구,11230000493,민간,서울특별시 동대문구 외대역동로1길 60-3 휘경해모로 관리동,02-3390-3094,37.59111843,127.0624449,일반,2021,N,2024. 8. 1,2024. 8. 15,서울특별시
다사랑어린이집,A,우수,우수,우수,우수,2021-09-01 0:00:00,2638,동대문구,11230000435,가정,"서울특별시 동대문구 장안벚꽃로 107 116-106(장안동, 현대홈타운아파트)",02-3390-5550,37.57105674,127.075113,일반,2021,N,2024. 9. 1,2024. 9. 15,서울특별시
다솔창의어린이집,A,우수,우수,우수,우수,2021-07-01 0:00:00,2428,동대문구,11230000064,민간,서울특별시 동대문구 휘경로 45,02-960-4281,37.59335698,127.0648568,일반,2021,N,2024. 7. 1,2024. 7. 15,서울특별시
리치빅스맘어린이집,B,우수,보통,우수,보통,2021-08-01 0:00:00,2577,동대문구,11230000453,민간,"서울특별시 동대문구 한빛로 73 103동 101 (용두동, 롯데캐슬리치아파트)",02-6406-2722,37.5794163,127.0305168,일반,2021,N,2024. 8. 1,2024. 8. 15,서울특별시
브레인에듀어린이집,B,보통,우수,우수,우수,2021-07-01 0:00:00,2638,동대문구,11230000243,가정,"서울특별시 동대문구 장안벚꽃로 107 116동 103호(장안동, 현대홈타운아파트)",02-2241-7879,37.56966129,127.0746722,야간연장,2021,N,2024. 7. 1,2024. 7. 15,서울특별시
샘터어린이집,A,우수,우수,우수,우수,2021-07-01 0:00:00,2467,동대문구,11230000326,가정,"서울특별시 동대문구 고산자로 534 105동 101호(제기동, 한신아파트)",070-7655-5803,37.58872123,127.0390668,일반,2021,N,2024. 7. 1,2024. 7. 15,서울특별시
아라어린이집,A,우수,우수,우수,우수,2021-07-01 0:00:00,2641,동대문구,11230000458,가정,"서울특별시 동대문구 장한로14길 81 106동 104호 (장안동, 삼성래미안1차아파트)",02-6071-0012,37.56681668,127.0721793,일반,2021,N,2024. 7. 1,2024. 7. 15,서울특별시
아이꿈어린이집,A,우수,우수,우수,우수,2021-08-01 0:00:00,2609,동대문구,11230000096,가정,"서울특별시 동대문구 답십리로 210-30 2동 114호(답십리동, 한신아파트)",02-6495-0058,37.57086836,127.0625253,일반,2021,N,2024. 8. 1,2024. 8. 15,서울특별시
아이사랑어린이집,A,우수,우수,우수,우수,2021-07-01 0:00:00,2553,동대문구,11230000442,가정,"서울특별시 동대문구 사가정로 65 206동 104호 (전농1동, 래미안크레시티)",02-2242-2290,37.57550667,127.0496964,일반,2021,N,2024. 7. 1,2024. 7. 15,서울특별시
아이숲어린이집,A,우수,우수,우수,우수,2021-07-01 0:00:00,2536,동대문구,11230000323,가정,"서울특별시 동대문구 전농로10길 20 101동 102호(답십리동, 청솔우성아파트)",02-2212-0567,37.57443523,127.0584024,일반,2021,N,2024. 7. 1,2024. 7. 15,서울특별시
애플키즈어린이집,A,우수,우수,우수,우수,2021-07-01 0:00:00,2553,동대문구,11230000439,가정,서울특별시 동대문구 사가정로 65 래미안크레시티아파트 110동 101호,02-2246-9936,37.57550667,127.0496964,일반,2021,N,2024. 7. 1,2024. 7. 15,서울특별시
예성어린이집,A,우수,우수,우수,우수,2021-09-01 0:00:00,2553,동대문구,11230000440,가정,"서울특별시 동대문구 사가정로 65 304동 101호 (전농동, 래미안크레시티아파트)",02-6745-8809,37.57550667,127.0496964,야간연장,2021,N,2024. 9. 1,2024. 9. 15,서울특별시
예지슬어린이집,A,우수,우수,우수,우수,2021-08-01 0:00:00,2553,동대문구,11230000459,국공립,"서울특별시 동대문구 사가정로 65 109동 101호(전농동, 래미안크레시티아파트)",02-2246-2226,37.57550667,127.0496964,일반,2021,N,2024. 8. 1,2024. 8. 15,서울특별시
용두희망어린이집,A,우수,우수,우수,우수,2021-07-01 0:00:00,2578,동대문구,11230000049,국공립,서울특별시 동대문구 무학로49길 75 (용두동),02-923-0836,37.57969079,127.0267201,야간연장,2021,N,2024. 7. 1,2024. 7. 15,서울특별시
청량리어린이집,A,우수,우수,우수,우수,2021-07-01 0:00:00,2480,동대문구,11230000250,국공립,서울특별시 동대문구 홍릉로17길 38 (제기동),02-6080-6404,37.58619042,127.040912,야간연장,2021,N,2024. 7. 1,2024. 7. 15,서울특별시
함께행복한어린이집,A,우수,우수,우수,우수,2021-08-01 0:00:00,2575,동대문구,11230000088,가정,"서울특별시 동대문구 왕산로23길 89 103동 105호(제기동, 이수브라운 스톤아파트)",02-925-5123,37.58232117,127.0342104,야간연장,2021,N,2024. 8. 1,2024. 8. 15,서울특별시
호수어린이집,A,우수,우수,우수,우수,2021-08-01 0:00:00,2598,동대문구,11230000461,국공립,"서울특별시 동대문구 답십리로 130 403동 106호(답십리동, 래미안위브)",02-2214-2230,37.57285658,127.0524024,일반,2021,N,2024. 8. 1,2024. 8. 15,서울특별시
금빛어린이집,B,우수,우수,보통,우수,2021-07-01 0:00:00,2250,중랑구,11260000214,민간,서울특별시 중랑구 용마산로53길 26 (면목동),02-433-1212,37.57831598,127.0894343,야간연장,2021,N,2024. 7. 1,2024. 7. 15,서울특별시
꼬마사랑어린이집,A,우수,우수,우수,우수,2021-02-01 0:00:00,2131,중랑구,11260000467,국공립,서울특별시 중랑구 봉우재로6길 9 (면목동),02-432-0097,37.58955609,127.0762882,"야간연장,휴일보육",2021,Y,2024. 2. 1,2024. 2. 15,서울특별시
꼬마친구어린이집,B,우수,우수,우수,보통,2021-07-01 0:00:00,2075,중랑구,11260000413,가정,"서울특별시 중랑구 봉화산로 130 1304-104 (상봉동, 쌍용아파트)",02-3421-6373,37.60510182,127.0902171,일반,2021,N,2024. 7. 1,2024. 7. 15,서울특별시
둘리어린이집,B,우수,우수,보통,우수,2021-03-01 0:00:00,2026,중랑구,11260000034,민간,서울특별시 중랑구 신내로 127 신내아파트관리사무소1층 (신내동),02-3421-9514,37.61197188,127.0961284,일반,2021,N,2024. 3. 1,2024. 3. 15,서울특별시
사가정 아이파크어린이집,B,우수,우수,보통,우수,2021-11-01 0:00:00,2226,중랑구,11260000470,국공립,서울특별시 중랑구 동일로92길 40 (면목동),02-496-8077,37.56647,126.977963,야간연장,2021,N,2024. 11. 1,2024. 11. 15,서울특별시
사랑나무어린이집,A,우수,우수,우수,우수,2021-06-01 0:00:00,2058,중랑구,11260000044,가정,"서울특별시 중랑구 용마산로 616 101동 101호(신내동, 새한아파트)",02-3421-7383,37.60526023,127.1013446,야간연장,2021,N,2024. 6. 1,2024. 6. 15,서울특별시
새우개 하나어린이집,A,우수,우수,우수,우수,2021-08-01 0:00:00,2052,중랑구,11260000468,국공립,서울특별시 중랑구 용마산로139다길 17 (신내동),02-438-1318,37.61885896,127.1024861,"장애아통합,야간연장",2021,N,2024. 8. 1,2024. 8. 15,서울특별시
수자인어린이집,A,우수,우수,우수,우수,2021-01-01 0:00:00,2260,중랑구,11260000465,국공립,서울특별시 중랑구 사가정로72길 26 한양수자인사가정파크 단지내 (면목동),02-432-8366,37.57991627,127.0939193,야간연장,2021,Y,2024. 1. 1,2024. 1. 15,서울특별시
신내데시앙어린이집,B,우수,우수,보통,우수,2021-06-01 0:00:00,2053,중랑구,11260000379,민간,서울특별시 중랑구 용마산로 669 신내데시앙아파트 114동 1층 (신내동),02-3421-0331,37.61320371,127.0994435,일반,2021,N,2024. 6. 1,2024. 6. 15,서울특별시
아이사랑어린이집,A,우수,우수,우수,우수,2021-07-01 0:00:00,2025,중랑구,11260000385,가정,"서울특별시 중랑구 신내로 155 802동 103호(신내동, 화성두산아파트)",02-3423-1239,37.61375788,127.0952074,"일반,시간제보육",2021,N,2024. 7. 1,2024. 7. 15,서울특별시
아이파크어린이집,A,우수,우수,우수,우수,2021-06-01 0:00:00,2007,중랑구,11260000149,민간,"서울특별시 중랑구 중랑천로 286 라동(묵동, 현대아이파크)",02-971-1266,37.61101942,127.0736945,야간연장,2021,N,2024. 6. 1,2024. 6. 15,서울특별시
어울림어린이집,A,우수,우수,우수,우수,2021-07-01 0:00:00,2060,중랑구,11260000441,국공립,서울특별시 중랑구 망우로73길 47 (망우동),02-496-9497,37.60261351,127.1032056,야간연장,2021,N,2024. 7. 1,2024. 7. 15,서울특별시
에코비자연어린이집,A,우수,우수,우수,우수,2021-07-01 0:00:00,2094,중랑구,11260000374,민간,서울특별시 중랑구 동일로126길 49-1 (중화동),02-433-5679,37.59894493,127.0830805,일반,2021,N,2024. 7. 1,2024. 7. 15,서울특별시
열매어린이집,B,우수,우수,우수,우수,2021-02-01 0:00:00,2141,중랑구,11260000068,국공립,서울특별시 중랑구 동일로100길 26 (면목동),02-433-9889,37.58855151,127.0814665,"장애아통합,야간연장",2021,Y,2024. 2. 1,2024. 2. 15,서울특별시
유진어린이집,A,우수,우수,우수,우수,2021-08-01 0:00:00,2003,중랑구,11260000438,국공립,"서울특별시 중랑구 중랑천로 332 102동 106호(묵동, 한국아파트)",02-976-9066,37.61458282,127.0735614,야간연장,2021,N,2024. 8. 1,2024. 8. 15,서울특별시
자람어린이집,A,우수,우수,우수,우수,2021-07-01 0:00:00,2196,중랑구,11260000437,국공립,"서울특별시 중랑구 사가정로71길 11 101동 101호(면목동, 용마2차한신아파트)",02-435-6806,37.56647,126.977963,야간연장,2021,N,2024. 7. 1,2024. 7. 15,서울특별시
키움어린이집,A,우수,우수,우수,우수,2021-09-01 0:00:00,2040,중랑구,11260000206,가정,"서울특별시 중랑구 공릉로2라길 4 104동 101호(묵동, 묵동신안아파트)",02-910-8888,37.61267595,127.0808935,일반,2021,N,2024. 9. 1,2024. 9. 15,서울특별시
키즈어울림어린이집,A,우수,우수,우수,우수,2021-09-01 0:00:00,2063,중랑구,11260000474,국공립,서울특별시 중랑구 양원역로 18 108동 107호 (망우동),02-433-3401,37.60185771,127.1095575,일반,2021,N,2024. 9. 1,2024. 9. 15,서울특별시
푸른솔몬테소리어린이집,B,보통,우수,우수,우수,2021-07-01 0:00:00,2089,중랑구,11260000259,민간,서울특별시 중랑구 봉화산로22길 14 (중화동),02-963-5004,37.60146063,127.0814585,일반,2021,N,2024. 7. 1,2024. 7. 15,서울특별시
푸른숲어린이집,A,우수,우수,우수,우수,2021-01-01 0:00:00,2191,중랑구,11260000463,국공립,서울특별시 중랑구 용마산로94길 94 (면목동),02-2208-3004,37.58734254,127.1022504,야간연장,2021,Y,2024. 1. 1,2024. 1. 15,서울특별시
햇살아래 보듬이나눔이 어린이집,A,우수,우수,우수,우수,2021-07-01 0:00:00,2262,중랑구,11260000442,국공립,서울특별시 중랑구 신내역로 131 (신내동),02-3423-0150,37.61474285,127.1128056,"장애아통합,야간연장,24시간,시간제보육",2021,N,2024. 7. 1,2024. 7. 15,서울특별시
금호힐어린이집,B,우수,우수,우수,보통,2021-03-01 0:00:00,2807,성북구,11290000591,민간,서울특별시 성북구 동소문로34길 73,02-929-3412,37.60095174,127.0228613,일반,2021,N,2024. 3. 1,2024. 3. 15,서울특별시
꿈꾸는어린이집,A,우수,우수,우수,우수,2021-09-01 0:00:00,2819,성북구,11290000612,국공립,서울특별시 성북구 북악산로 813 105-108,02-943-7386,37.60098398,127.0158256,일반,2021,N,2024. 9. 1,2024. 9. 15,서울특별시
꿈에그린어린이집,A,우수,우수,우수,우수,2021-01-01 0:00:00,2820,성북구,11290000592,민간,"서울특별시 성북구 아리랑로19가길 21 ,관리동(정릉동,꿈에그린아파트)",02-915-0565,37.60185794,127.0120129,일반,2021,Y,2024. 1. 1,2024. 1. 15,서울특별시
꿈초롱어린이집,A,우수,우수,우수,우수,2021-09-01 0:00:00,2716,성북구,11290000609,국공립,서울특별시 성북구 서경로 31 104-103,02-971-3248,37.60688159,127.0144327,일반,2021,N,2024. 9. 1,2024. 9. 15,서울특별시
다솔어린이집,A,우수,우수,우수,우수,2021-09-01 0:00:00,2732,성북구,11290000049,국공립,서울특별시 성북구 삼양로2길 55 (길음동),02-982-8363,37.60879055,127.0247463,"장애아통합,야간연장",2021,N,2024. 9. 1,2024. 9. 15,서울특별시
두산비쥬어린이집,A,우수,우수,우수,우수,2021-08-01 0:00:00,2750,성북구,11290000273,민간,서울특별시 성북구 오패산로 46 두산위브아파트 관리동 1층,02-919-3010,37.60693556,127.0386117,일반,2021,N,2024. 8. 1,2024. 8. 15,서울특별시
드림어린이집,A,우수,우수,우수,우수,2021-02-01 0:00:00,2807,성북구,11290000029,가정,"서울특별시 성북구 동소문로34길 24 106동 109호(돈암동, 삼성아파트)",02-779-7795,37.59894423,127.0233952,일반,2021,Y,2024. 2. 1,2024. 2. 15,서울특별시
래미안베베어린이집,B,우수,우수,보통,보통,2021-07-01 0:00:00,2760,성북구,11290000548,가정,"서울특별시 성북구 한천로 713 503동 101호(장위동, 래미안장위퍼스트하이)",02-6061-0403,37.61982938,127.0512098,일반,2021,N,2024. 7. 1,2024. 7. 15,서울특별시
모난어린이집,A,우수,우수,우수,우수,2021-03-01 0:00:00,2769,성북구,11290000202,민간,서울특별시 성북구 화랑로19길 67 (장위동),02-915-3901,37.60945495,127.0506438,일반,2021,N,2024. 3. 1,2024. 3. 15,서울특별시
모래와어린이집,A,우수,우수,우수,우수,2021-01-01 0:00:00,2831,성북구,11290000575,가정,"서울특별시 성북구 성북로4길 52 203동 102호(돈암동, 한신한진아파트)",02-6205-3397,37.59447334,127.0127047,일반,2021,Y,2024. 1. 1,2024. 1. 15,서울특별시
바람아래발도르프어린이집,A,우수,우수,우수,우수,2021-03-01 0:00:00,2721,성북구,11290000643,협동,서울특별시 성북구 길음로9길 40 108동 101호,02-942-5090,37.60572346,127.0212499,일반,2021,N,2024. 3. 1,2024. 3. 15,서울특별시
밤비어린이집,A,우수,우수,우수,우수,2021-08-01 0:00:00,2780,성북구,11290000101,가정,"서울특별시 성북구 화랑로48길 16 107동 104호(석관동, 두산아파트)",02-957-8035,37.61263317,127.0687712,야간연장,2021,N,2024. 8. 1,2024. 8. 15,서울특별시
사랑어린이집,A,우수,우수,우수,우수,2021-07-01 0:00:00,2712,성북구,11290000019,가정,"서울특별시 성북구 솔샘로 120 124동 105호(정릉동, 풍림아이원)",02-913-8931,37.61711236,127.0095994,야간연장,2021,N,2024. 7. 1,2024. 7. 15,서울특별시
새서울숲어린이집,A,우수,우수,우수,우수,2021-01-01 0:00:00,2754,성북구,11290000178,민간,서울특별시 성북구 장위로15길 73 (장위동),02-941-6070,37.6168433,127.0439105,야간연장,2021,Y,2024. 1. 1,2024. 1. 15,서울특별시
성신어린이집,A,우수,우수,우수,우수,2021-03-01 0:00:00,2826,성북구,11290000182,민간,서울특별시 성북구 동소문동7가 아리랑로5길 36 (동소문동7가),02-923-5756,37.59699965,127.0133392,"야간연장,24시간",2021,N,2024. 3. 1,2024. 3. 15,서울특별시
시온 어린이집,B,우수,우수,보통,우수,2021-07-01 0:00:00,2720,성북구,11290000512,가정,"서울특별시 성북구 길음로 33 816동101호(길음동,삼성래미안아파트)",02-6053-1595,37.60588573,127.0202993,야간연장,2021,N,2024. 7. 1,2024. 7. 15,서울특별시
아기천사 어린이집,A,우수,우수,우수,우수,2021-07-01 0:00:00,2757,성북구,11290000356,가정,"서울특별시 성북구 월계로36길 27 108동 102호(장위동, 꿈의숲대명루첸아파트)",02-943-9979,37.62012853,127.0468264,일반,2021,N,2024. 7. 1,2024. 7. 15,서울특별시
아이누리어린이집,A,우수,우수,우수,우수,2021-07-01 0:00:00,2726,성북구,11290000644,국공립,서울특별시 성북구 숭인로 16 103동 101호,02-982-3949,37.56647,126.977963,일반,2021,N,2024. 7. 1,2024. 7. 15,서울특별시
안암어린이집,A,우수,우수,우수,우수,2021-07-01 0:00:00,2853,성북구,11290000208,국공립,서울특별시 성북구 고려대로8길 5 (안암동2가),02-923-5046,37.58566854,127.0214124,야간연장,2021,N,2024. 7. 1,2024. 7. 15,서울특별시
앙코아어린이집,A,우수,우수,우수,우수,2021-02-01 0:00:00,2769,성북구,11290000225,민간,서울특별시 성북구 장월로 54,02-913-6860,37.61075048,127.0482249,야간연장,2021,Y,2024. 2. 1,2024. 2. 15,서울특별시
예삐어린이집,A,우수,우수,우수,우수,2021-09-01 0:00:00,2721,성북구,11290000567,가정,서울특별시 성북구 길음로9길 40 111동 101호(길음동),070-5022-0298,37.60491049,127.0202587,일반,2021,N,2024. 9. 1,2024. 9. 15,서울특별시
온터어린이집,B,우수,우수,우수,우수,2021-02-01 0:00:00,2708,성북구,11290000056,국공립,서울특별시 성북구 솔샘로5길 92,02-917-1506,37.61118324,127.0012073,야간연장,2021,Y,2024. 2. 1,2024. 2. 15,서울특별시
완두콩어린이집,A,우수,우수,우수,우수,2021-06-01 0:00:00,2702,성북구,11290000321,가정,"서울특별시 성북구 솔샘로25길 28 108동 102호(정릉동, 풍림아이원)",02-913-7888,37.61864386,127.0073048,일반,2021,N,2024. 6. 1,2024. 6. 15,서울특별시
은성어린이집,A,우수,우수,우수,우수,2021-09-01 0:00:00,2799,성북구,11290000611,국공립,서울특별시 성북구 종암로24가길 80 106-104,02-909-8514,37.59931484,127.0392263,일반,2021,N,2024. 9. 1,2024. 9. 15,서울특별시
자연샘어린이집,A,우수,우수,우수,우수,2021-09-01 0:00:00,2759,성북구,11290000608,국공립,서울특별시 성북구 한천로101길 18 206-102,02-6404-9145,37.62272907,127.0494192,일반,2021,N,2024. 9. 1,2024. 9. 15,서울특별시
장위어린이집,A,우수,우수,우수,우수,2021-07-01 0:00:00,2769,성북구,11290000158,민간,서울특별시 성북구 장월로6길 28 (장위동),02-918-1184,37.60922287,127.0489014,야간연장,2021,N,2024. 7. 1,2024. 7. 15,서울특별시
칭찬가득어린이집,A,우수,우수,우수,우수,2021-02-01 0:00:00,2726,성북구,11290000086,가정,"서울특별시 성북구 숭인로 16 117동 104호(길음동, 동부센트레빌아파트)",02-984-6223,37.60964774,127.0246557,일반,2021,Y,2024. 2. 1,2024. 2. 15,서울특별시
킨더트리 어린이집,A,우수,우수,우수,우수,2021-01-01 0:00:00,2799,성북구,11290000538,민간,서울특별시 성북구 종암로24가길 80 래미안라센트아파트 관리동 (종암동),070-4416-2722,37.59940243,127.0387743,일반,2021,Y,2024. 1. 1,2024. 1. 15,서울특별시
하늘빛 어린이집,A,우수,우수,우수,우수,2021-08-01 0:00:00,2790,성북구,11290000366,가정,"서울특별시 성북구 화랑로 214 102동 102호(석관동, 래미안석관아파트)",02-959-3582,37.6084754,127.0545569,일반,2021,N,2024. 8. 1,2024. 8. 15,서울특별시
하늘채어린이집,A,우수,우수,우수,우수,2021-08-01 0:00:00,2786,성북구,11290000603,국공립,서울특별시 성북구 한천로 509 104-101,02-969-8586,37.60619023,127.0657304,일반,2021,N,2024. 8. 1,2024. 8. 15,서울특별시
하이키즈어린이집,A,우수,우수,우수,우수,2021-01-01 0:00:00,2760,성북구,11290000640,가정,서울특별시 성북구 한천로 713 513동 102호 (래미안장위퍼스트하이),02-942-1101,37.61871652,127.0515431,일반,2021,Y,2024. 1. 1,2024. 1. 15,서울특별시
해와별 어린이집,A,우수,우수,우수,우수,2021-09-01 0:00:00,2780,성북구,11290000066,가정,"서울특별시 성북구 화랑로48길 16 108동 101호(석관동, 두산아파트)",02-957-6463,37.61263317,127.0687712,야간연장,2021,N,2024. 9. 1,2024. 9. 15,서울특별시
행복가득한어린이집,A,우수,우수,우수,우수,2021-07-01 0:00:00,2861,성북구,11290000549,가정,"서울특별시 성북구 삼선동4가 삼선교로23길 23 104-103(코오롱아파트,삼선동)",02-6225-1999,37.59035043,127.0124775,야간연장,2021,N,2024. 7. 1,2024. 7. 15,서울특별시
구립꿈동산어린이집,A,우수,우수,우수,우수,2021-09-01 0:00:00,1129,강북구,11305000154,국공립,서울특별시 강북구 덕릉로30길 10 (미아동),02-981-3773,37.63430184,127.0251211,일반,2021,N,2024. 9. 1,2024. 9. 15,서울특별시
구립초록나라어린이집,A,우수,우수,우수,우수,2021-09-01 0:00:00,1182,강북구,11305000170,국공립,서울특별시 강북구 인수봉로14길 8 (미아동),02-986-6148,37.6240522,127.0130397,야간연장,2021,N,2024. 9. 1,2024. 9. 15,서울특별시
구립해솔어린이집,A,우수,우수,우수,우수,2021-07-01 0:00:00,1230,강북구,11305000328,국공립,"서울특별시 강북구 한천로105길 23 108동 103호(번동, 주공1단지아파트)",02-981-5498,37.62529756,127.0477897,야간연장,2021,N,2024. 7. 1,2024. 7. 15,서울특별시
연두어린이집,A,우수,우수,우수,우수,2021-08-01 0:00:00,1236,강북구,11305000149,가정,서울특별시 강북구 월계로21가길 14-5 (미아동),02-983-8655,37.61433771,127.0374618,일반,2021,N,2024. 8. 1,2024. 8. 15,서울특별시
윤슬어린이집,B,우수,우수,우수,우수,2021-02-01 0:00:00,1042,강북구,11305000096,가정,"서울특별시 강북구 삼각산로 143-1 201동 110호(수유동, 수유벽산2차)",02-902-8018,37.64365889,127.0183246,야간연장,2021,Y,2024. 2. 1,2024. 2. 15,서울특별시
키즈래미안어린이집,A,우수,우수,우수,우수,2021-07-01 0:00:00,1200,강북구,11305000310,민간,"서울특별시 강북구 삼양로19길 25 관리동 (미아동, 삼성래미안트리베라1차아파트)",02-945-5561,37.61569586,127.0211397,일반,2021,N,2024. 7. 1,2024. 7. 15,서울특별시
행복한어린이집,C,보통,개선필요,우수,우수,2021-09-01 0:00:00,1184,강북구,11305000194,가정,서울특별시 강북구 삼양로41길 4 (미아동),02-987-3754,37.62207748,127.0197822,일반,2021,N,2024. 9. 1,2024. 9. 15,서울특별시
나무어린이집,A,우수,우수,우수,우수,2021-02-01 0:00:00,1422,도봉구,11320000271,가정,"서울특별시 도봉구 노해로66길 21 103동 106호(창동, 삼성래미안아파트)",02-900-8520,37.64890177,127.0484761,일반,2021,Y,2024. 2. 1,2024. 2. 15,서울특별시
도봉2동도토리어린이집,A,우수,우수,우수,우수,2021-09-01 0:00:00,1321,도봉구,11320000139,국공립,"서울특별시 도봉구 도봉로170길 40 103동 101호(도봉동, 래미안도봉아파트)",02-3494-2234,37.67961608,127.0464843,야간연장,2021,N,2024. 9. 1,2024. 9. 15,서울특별시
도봉2동재롱이어린이집,A,우수,우수,우수,우수,2021-09-01 0:00:00,1318,도봉구,11320000197,국공립,"서울특별시 도봉구 마들로 859-19 121동 101호(도봉동, 도봉한신아파트)",02-954-8237,37.686043,127.04676,"야간연장,24시간",2021,N,2024. 9. 1,2024. 9. 15,서울특별시
둘리어린이집,B,우수,우수,우수,보통,2021-08-01 0:00:00,1378,도봉구,11320000501,민간,서울특별시 도봉구 우이천로34길 39 (쌍문동),02-6409-9916,37.65054933,127.0241597,야간연장,2021,N,2024. 8. 1,2024. 8. 15,서울특별시
방아골어린이집,A,우수,우수,우수,우수,2021-07-01 0:00:00,1314,도봉구,11320000026,국공립,서울특별시 도봉구 시루봉로17길 42 방아골종합사회복지관 1층 (방학동),02-3491-5560,37.66930235,127.0325788,야간연장,2021,N,2024. 7. 1,2024. 7. 15,서울특별시
방학동행복한어린이집,A,우수,우수,우수,우수,2021-08-01 0:00:00,1389,도봉구,11320000518,국공립,서울특별시 도봉구 도당로6길 36,02-3494-6647,37.6614512,127.0369106,야간연장,2021,N,2024. 8. 1,2024. 8. 15,서울특별시
삼익영재어린이집,A,우수,우수,우수,우수,2021-02-01 0:00:00,1431,도봉구,11320000220,가정,"서울특별시 도봉구  해등로 195 106동 102호(쌍문동, 삼익세라믹아파트)",02-905-0867,37.65722479,127.0351926,야간연장,2021,Y,2024. 2. 1,2024. 2. 15,서울특별시
서울도봉경찰서어린이집,A,우수,우수,우수,우수,2021-01-01 0:00:00,1415,도봉구,11320000549,직장,서울특별시 도봉구 노해로 403 서울도봉경찰서어린이집,02-906-8190,37.6533814,127.0527343,일반,2021,Y,2024. 1. 1,2024. 1. 15,서울특별시
아름드리어린이집,A,우수,우수,우수,우수,2021-07-01 0:00:00,1361,도봉구,11320000495,가정,"서울특별시 도봉구 방학로15길 40 101동 102호(방학동, 신동아2단지아파트)",02-6232-1479,37.658604,127.02405,일반,2021,N,2024. 7. 1,2024. 7. 15,서울특별시
아이들세상어린이집,A,우수,우수,우수,우수,2021-07-01 0:00:00,1382,도봉구,11320000237,가정,"서울특별시 도봉구 방학로 193 10동 106호(방학동, 신동아1차아파트)",02-3493-0800,37.660934,127.02789,야간연장,2021,N,2024. 7. 1,2024. 7. 15,서울특별시
에코빌어린이집,A,우수,우수,우수,우수,2021-07-01 0:00:00,1320,도봉구,11320000232,민간,서울특별시 도봉구 도봉로180길 6-23 동아에코빌아파트 단지내 (도봉동),02-3494-5333,37.68186738,127.0469974,일반,2021,N,2024. 7. 1,2024. 7. 15,서울특별시
예아어린이집,A,우수,우수,우수,우수,2021-02-01 0:00:00,1336,도봉구,11320000047,민간,"서울특별시 도봉구 마들로 646 관리동 (방학동, 삼성래미안아파트)",02-3493-3345,37.66691984,127.047388,일반,2021,Y,2024. 2. 1,2024. 2. 15,서울특별시
창2동새샘어린이집,A,우수,우수,우수,우수,2021-07-01 0:00:00,1460,도봉구,11320000052,국공립,서울특별시 도봉구 도봉로106길 36 (창동),02-998-7796,37.64464079,127.0347219,야간연장,2021,N,2024. 7. 1,2024. 7. 15,서울특별시
태영어린이집,A,우수,우수,우수,우수,2021-07-01 0:00:00,1461,도봉구,11320000126,민간,서울특별시 도봉구 도봉로110다길 51 태영아파트 단지내,02-999-1666,37.64354866,127.0332699,일반,2021,N,2024. 7. 1,2024. 7. 15,서울특별시
한나무어린이집,A,우수,우수,우수,우수,2021-04-01 0:00:00,1422,도봉구,11320000378,가정,"서울특별시 도봉구 노해로66길 21 103동 105호(창동, 삼성래미안아파트)",02-995-2447,37.64890177,127.0484761,일반,2021,N,2024. 4. 1,2024. 4. 15,서울특별시
행복한우리어린이집,A,우수,우수,우수,우수,2021-07-01 0:00:00,1410,도봉구,11320000307,민간,서울특별시 도봉구 마들로 551 쌍용아파트 관리동 1층 터전어린이집,02-997-9004,37.65978429,127.0481298,일반,2021,N,2024. 7. 1,2024. 7. 15,서울특별시
가베보물섬어린이집,A,우수,우수,우수,우수,2021-07-01 0:00:00,1909,노원구,11350000566,가정,"서울특별시 노원구 마들로 111 29동 102호(월계동, 삼호)",070-8742-5256,37.6154749,127.0674988,일반,2021,N,2024. 7. 1,2024. 7. 15,서울특별시
그랑빌어린이집,A,우수,우수,우수,우수,2021-08-01 0:00:00,1913,노원구,11350000452,가정,"서울특별시 노원구 마들로 31 118동 104호(월계동, 한진한화그랑빌)",02-979-1190,37.618725,127.067085,일반,2021,N,2024. 8. 1,2024. 8. 15,서울특별시
꼬꼬마숲어린이집,B,우수,우수,보통,우수,2021-08-01 0:00:00,1604,노원구,11350000608,가정,"서울특별시 노원구 동일로245가길 41 202동 105호(상계동, 은빛2단지아파트)",02-951-5880,37.680687,127.0538,일반,2021,N,2024. 8. 1,2024. 8. 15,서울특별시
꼬마친구어린이집,A,우수,우수,우수,우수,2021-08-01 0:00:00,1715,노원구,11350000624,가정,"서울특별시 노원구 한글비석로14길 37 201동 101호(중계동, 중앙하이츠)",070-8770-0504,37.65915284,127.0762577,일반,2021,N,2024. 8. 1,2024. 8. 15,서울특별시
꿈꾸리아이뜰어린이집,A,우수,우수,우수,우수,2021-09-01 0:00:00,1713,노원구,11350001013,국공립,"서울특별시 노원구 중계로 230 517동 103호(중계동, 주공아파트)",02-937-7566,37.65101414,127.0750484,일반,2021,N,2024. 9. 1,2024. 9. 15,서울특별시
나래어린이집,B,우수,우수,보통,우수,2021-08-01 0:00:00,1690,노원구,11350000248,가정,서울특별시 노원구 동일로 1456 707동 106호,02-952-3607,37.65808512,127.0608577,일반,2021,N,2024. 8. 1,2024. 8. 15,서울특별시
노원연두어린이집,A,우수,우수,우수,우수,2021-03-01 0:00:00,1772,노원구,11350001006,국공립,서울특별시 노원구 덕릉로70가길 21 중계센트럴파크아파트 내 보육시설,02-930-7877,37.64303499,127.0592931,일반,2021,Y,2024. 3. 1,2024. 3. 15,서울특별시
둥지어린이집,A,우수,우수,우수,우수,2021-08-01 0:00:00,1777,노원구,11350000626,가정,"서울특별시 노원구 동일로207길 18 111동 104호(중계동, 중계그린1단지아파트)",02-973-2508,37.6446,127.06227,일반,2021,N,2024. 8. 1,2024. 8. 15,서울특별시
미광어린이집,A,우수,우수,우수,우수,2021-01-01 0:00:00,1820,노원구,11350000166,민간,서울특별시 노원구 공릉로34길 62 태강아파트 관리사무소2층,02-948-3353,37.62349,127.08231,일반,2021,Y,2024. 1. 1,2024. 1. 15,서울특별시
사랑담아어린이집,A,우수,우수,우수,우수,2021-08-01 0:00:00,1766,노원구,11350000606,가정,"서울특별시 노원구 동일로213길 21 118동 106호(상계동, 상계주공1차)",02-6221-8201,37.64626967,127.0589954,일반,2021,N,2024. 8. 1,2024. 8. 15,서울특별시
사랑마을어린이집,A,우수,우수,우수,우수,2021-07-01 0:00:00,1675,노원구,11350000489,가정,"서울특별시 노원구 노원로 564 1009동 105호(상계동, 상계주공10차)",02-932-4852,37.66165,127.05612,일반,2021,N,2024. 7. 1,2024. 7. 15,서울특별시
사랑샘오감어린이집,A,우수,우수,우수,우수,2021-07-01 0:00:00,1671,노원구,11350000527,가정,"서울특별시 노원구 한글비석로 480 206동 105호(상계동, 보람아파트)",02-935-7465,37.666763,127.065735,일반,2021,N,2024. 7. 1,2024. 7. 15,서울특별시
서머힐어린이집,A,우수,우수,우수,우수,2021-07-01 0:00:00,1685,노원구,11350000195,국공립,서울특별시 노원구 상계로17길 42 (상계동),02-952-4477,37.65970675,127.0670705,일반,2021,N,2024. 7. 1,2024. 7. 15,서울특별시
숲속푸른아이어린이집,A,우수,우수,우수,우수,2021-09-01 0:00:00,1761,노원구,11350001009,국공립,"서울특별시 노원구 동일로215길 48 312동 103호(상계동, 주공아파트)",02-6316-8084,37.65225206,127.0592891,일반,2021,N,2024. 9. 1,2024. 9. 15,서울특별시
아이숲어린이집,A,우수,우수,우수,우수,2021-01-01 0:00:00,1820,노원구,11350000322,가정,"서울특별시 노원구 공릉로34길 38 1020동 102호(공릉동, 태강)",02-975-1535,37.62317,127.08137,일반,2021,Y,2024. 1. 1,2024. 1. 15,서울특별시
엄마마음어린이집,B,보통,우수,우수,우수,2021-01-01 0:00:00,1669,노원구,11350000553,가정,"서울특별시 노원구 동일로228길 23 1404동 113호(상계동, 상계주공14차)",02-935-6767,37.669857,127.05875,일반,2021,Y,2024. 1. 1,2024. 1. 15,서울특별시
예본i어린이집,B,우수,우수,우수,우수,2021-12-01 0:00:00,1663,노원구,11350000435,가정,"서울특별시 노원구 한글비석로 396 104동 102호(상계동, 벽산)",02-6232-1001,37.66129455,127.0726927,일반,2021,N,2024. 12. 1,2024. 12. 15,서울특별시
예쁜숲어린이집,B,우수,우수,보통,우수,2021-04-01 0:00:00,1913,노원구,11350000289,가정,"서울특별시 노원구 마들로 31 113동 102호(월계동, 한진한화그랑빌)",02-949-6960,37.618725,127.067085,일반,2021,N,2024. 4. 1,2024. 4. 15,서울특별시
예원i어린이집,B,우수,우수,보통,우수,2021-08-01 0:00:00,1911,노원구,11350000303,가정,"서울특별시 노원구 마들로 59 11동 105호(월계동,미성아파트)",02-975-6114,37.62261643,127.0668368,일반,2021,N,2024. 8. 1,2024. 8. 15,서울특별시
우리보람어린이집,B,우수,보통,보통,우수,2021-08-01 0:00:00,1752,노원구,11350000470,가정,"서울특별시 노원구 노해로 508 621동 105호(상계동, 상계주공6단지아파트)",02-952-9797,37.654705,127.06619,야간연장,2021,N,2024. 8. 1,2024. 8. 15,서울특별시
우주어린이집,A,우수,우수,우수,우수,2021-09-01 0:00:00,1619,노원구,11350001012,국공립,"서울특별시 노원구 동일로227길 85 1115동101호(상계동,주공아파트)",02-935-0108,37.66494292,127.0534424,일반,2021,N,2024. 9. 1,2024. 9. 15,서울특별시
작은꽃영아어린이집,A,우수,우수,우수,우수,2021-08-01 0:00:00,1676,노원구,11350000555,가정,"서울특별시 노원구 노원로 532 915동 102호(상계동, 주공아파트)",02-930-9516,37.664616,127.059814,일반,2021,N,2024. 8. 1,2024. 8. 15,서울특별시
재미나어린이집,A,우수,우수,우수,우수,2021-09-01 0:00:00,1619,노원구,11350001014,국공립,"서울특별시 노원구 동일로227길 25 1109동 101호(상계동, 주공아파트)",02-6232-4656,37.6668964,127.056041,일반,2021,N,2024. 9. 1,2024. 9. 15,서울특별시
조이어린이집,A,우수,우수,우수,우수,2021-07-01 0:00:00,1863,노원구,11350000380,가정,"서울특별시 노원구 섬밭로 196 604동 104호(하계동, 장미)",02-6437-9325,37.63399744,127.0672775,일반,2021,N,2024. 7. 1,2024. 7. 15,서울특별시
중계사임당어린이집,A,우수,우수,우수,우수,2021-08-01 0:00:00,1777,노원구,11350000535,가정,"서울특별시 노원구 동일로207길 18 118동 103호(중계동, 중계그린아파트)",02-974-5482,37.64082652,127.0613761,일반,2021,N,2024. 8. 1,2024. 8. 15,서울특별시
구립 가람슬기어린이집,A,우수,우수,우수,우수,2021-01-01 0:00:00,3335,은평구,11380000666,국공립,서울특별시 은평구 연서로19길 28-1,02-353-2235,37.61432295,126.9151211,야간연장,2021,Y,2024. 1. 1,2024. 1. 15,서울특별시
구립 경남어린이집,A,우수,우수,우수,우수,2021-07-01 0:00:00,3428,은평구,11380000018,국공립,"서울특별시 은평구 갈현로11길 46 106동 101호(구산동, 경남아너스빌)",02-3157-1231,37.60614998,126.9049435,야간연장,2021,N,2024. 7. 1,2024. 7. 15,서울특별시
구립 광현어린이집,A,우수,우수,우수,우수,2021-09-01 0:00:00,3332,은평구,11380000625,국공립,서울특별시 은평구 연서로27길 31-7,02-356-8522,37.61854146,126.9161853,야간연장,2021,N,2024. 9. 1,2024. 9. 15,서울특별시
구립 꽃빛나라어린이집,B,우수,우수,우수,보통,2021-07-01 0:00:00,3301,은평구,11380000619,국공립,서울특별시 은평구 진관3로 67 구파발래미안 9-1단지 908동,02-357-3004,37.64128407,126.9203024,야간연장,2021,N,2024. 7. 1,2024. 7. 15,서울특별시
구립 꿈나무마을어린이집,A,우수,우수,우수,우수,2021-08-01 0:00:00,3474,은평구,11380000596,국공립,서울특별시 은평구 백련산로14길 20-11 구립 꿈나무마을어린이집,02-384-1701,37.5980967,126.9297019,"장애아통합,야간연장",2021,N,2024. 8. 1,2024. 8. 15,서울특별시
구립 녹번복지관 어린이집,A,우수,우수,우수,우수,2021-07-01 0:00:00,3382,은평구,11380000008,국공립,서울특별시 은평구 은평로21길 14-26,02-358-4695,37.60269184,126.9317503,"장애아통합,야간연장",2021,N,2024. 7. 1,2024. 7. 15,서울특별시
구립 백련산힐2차어린이집,A,우수,우수,우수,우수,2021-07-01 0:00:00,3477,은평구,11380000618,국공립,서울특별시 은평구 백련산로 38 관리동(백련산힐스테이트2차아파트),02-305-8558,37.5909211,126.9237246,야간연장,2021,N,2024. 7. 1,2024. 7. 15,서울특별시
구립 사랑가득어린이집,A,우수,우수,우수,우수,2021-07-01 0:00:00,3366,은평구,11380000620,국공립,서울특별시 은평구 진흥로 267 102-103,02-352-7088,37.61185092,126.9388765,야간연장,2021,N,2024. 7. 1,2024. 7. 15,서울특별시
구립 신사1어린이집,A,우수,우수,우수,우수,2021-08-01 0:00:00,3422,은평구,11380000601,국공립,서울특별시 은평구 은평로3가길 16,02-355-3387,37.59926782,126.913195,야간연장,2021,N,2024. 8. 1,2024. 8. 15,서울특별시
구립 은마루어린이집,B,우수,우수,우수,보통,2021-07-01 0:00:00,3303,은평구,11380000337,국공립,"서울특별시 은평구 진관4로 78-8 701동 1층(진관동, 은평뉴타운상림마을7단지아파트)",02-386-5607,37.64554205,126.9286374,"장애아통합,야간연장",2021,N,2024. 7. 1,2024. 7. 15,서울특별시
구립 은평어린이집,B,우수,보통,우수,우수,2021-08-01 0:00:00,3494,은평구,11380000047,국공립,서울특별시 은평구 증산로9길 44-12,02-376-0540,37.5865095,126.9061856,야간연장,2021,N,2024. 8. 1,2024. 8. 15,서울특별시
구립 응암새싹어린이집,A,우수,우수,우수,우수,2021-09-01 0:00:00,3462,은평구,11380000593,국공립,서울특별시 은평구 은평로10길 5-2,02-389-9045,37.59998812,126.9234088,야간연장,2021,N,2024. 9. 1,2024. 9. 15,서울특별시
구립 이든어린이집,B,보통,우수,우수,우수,2021-05-01 0:00:00,3465,은평구,11380000669,국공립,서울특별시 은평구 응암로30길 15,02-356-9616,37.57306905,126.9847633,야간연장,2021,N,2024. 5. 1,2024. 5. 15,서울특별시
딸기어린이집,B,우수,보통,우수,우수,2021-08-01 0:00:00,3403,은평구,11380000149,가정,서울특별시 은평구 진흥로1길 50 딩크아파트 101호 (역촌동),02-353-7890,37.6049341,126.9184507,야간연장,2021,N,2024. 8. 1,2024. 8. 15,서울특별시
미래클나무어린이집,A,우수,우수,우수,우수,2021-01-01 0:00:00,3477,은평구,11380000567,가정,서울특별시 은평구 백련산로 38 백련산 힐스테이트 209-101호,02-6408-7976,37.5892698,126.9230893,일반,2021,Y,2024. 1. 1,2024. 1. 15,서울특별시
벧엘어린이집,B,보통,우수,우수,우수,2021-03-01 0:00:00,3500,은평구,11380000574,가정,서울특별시 은평구 증산서길 72 칠산아파트 104호,02-373-2267,37.58273064,126.9062138,일반,2021,N,2024. 3. 1,2024. 3. 15,서울특별시
사랑꿈어린이집,A,우수,우수,우수,우수,2021-01-01 0:00:00,3304,은평구,11380000631,가정,"서울특별시 은평구 진관4로 100 609동 1층 (진관동, 은평뉴타운 상림마을)",02-384-0003,37.64896767,126.931807,일반,2021,Y,2024. 1. 1,2024. 1. 15,서울특별시
사랑이어린이집,B,우수,우수,보통,우수,2021-07-01 0:00:00,3467,은평구,11380000603,가정,서울특별시 은평구 응암로 232-1,02-308-8028,37.59262567,126.9181848,야간연장,2021,N,2024. 7. 1,2024. 7. 15,서울특별시
서울소방학교 직장어린이집,A,우수,우수,우수,우수,2021-02-01 0:00:00,3312,은평구,11380000667,직장,서울특별시 은평구 통일로 1031-21,02-354-3601,37.63390479,126.9135977,일반,2021,Y,2024. 2. 1,2024. 2. 15,서울특별시
선정어린이집,A,우수,우수,우수,우수,2021-07-01 0:00:00,3506,은평구,11380000584,가정,서울특별시 은평구 증산로3길 5-21 선정아파트 101-101,02-306-1700,37.57987162,126.9048634,일반,2021,N,2024. 7. 1,2024. 7. 15,서울특별시
예쁜꿈어린이집,B,우수,우수,보통,우수,2021-07-01 0:00:00,3375,은평구,11380000575,민간,서울특별시 은평구 통일로63길 20,02-388-2233,37.60787429,126.9297788,일반,2021,N,2024. 7. 1,2024. 7. 15,서울특별시
은현어린이집,A,우수,우수,우수,우수,2021-07-01 0:00:00,3315,은평구,11380000111,법인?단체등,서울특별시 은평구 갈현로43길 9 (갈현동),02-359-0671,37.6254133,126.9162701,야간연장,2021,N,2024. 7. 1,2024. 7. 15,서울특별시
하은어린이집,A,우수,우수,우수,우수,2021-01-01 0:00:00,3476,은평구,11380000099,가정,서울특별시 은평구 백련산로2길 19 백련산힐스테이트 204동 105호,02-389-9420,37.60760666,126.9128738,일반,2021,Y,2024. 1. 1,2024. 1. 15,서울특별시
한국환경산업기술원 초록꿈나무 직장어린이집,A,우수,우수,우수,우수,2021-06-01 0:00:00,3367,은평구,11380000670,직장,서울특별시 은평구 진흥로 215 A동,02-356-7071,37.60984284,126.9326751,일반,2021,N,2024. 6. 1,2024. 6. 15,서울특별시
햇님어린이집,B,우수,보통,우수,우수,2021-07-01 0:00:00,3499,은평구,11380000517,가정,서울특별시 은평구 증산로7길 11-4,02-306-1939,37.58391933,126.906313,일반,2021,N,2024. 7. 1,2024. 7. 15,서울특별시
늘품자연어린이집,A,우수,우수,우수,우수,2021-02-01 0:00:00,3687,서대문구,11410000366,국공립,서울특별시 서대문구 거북골로 84 DMC에코자이아파트 단지 내,02-306-0972,37.57747559,126.9196685,"장애아통합,시간제보육",2021,Y,2024. 2. 1,2024. 2. 15,서울특별시
독립문어린이집,A,우수,우수,우수,우수,2021-09-01 0:00:00,3743,서대문구,11410000046,민간,서울특별시 서대문구 독립문로 12 독립문어린이집,02-313-4666,37.57010571,126.9584252,일반,2021,N,2024. 9. 1,2024. 9. 15,서울특별시
뜨란어린이집,B,우수,우수,우수,보통,2021-07-01 0:00:00,3743,서대문구,11410000193,민간,서울특별시 서대문구 독립문로8길 54 뜨란채아파트 107동 관리동 (천연동),02-365-8967,37.56744468,126.9584962,일반,2021,N,2024. 7. 1,2024. 7. 15,서울특별시
별초롱어린이집,A,우수,우수,우수,우수,2021-07-01 0:00:00,3709,서대문구,11410000121,가정,"서울특별시 서대문구 응암로 28 4동103호(북가좌1동,연희한양아파트)",02-309-7488,37.57626467,126.9097123,일반,2021,N,2024. 7. 1,2024. 7. 15,서울특별시
산마루어린이집,A,우수,우수,우수,우수,2021-07-01 0:00:00,3747,서대문구,11410000330,국공립,서울특별시 서대문구 북아현로 120,02-364-6300,37.56571498,126.9510888,"야간연장,시간제보육",2021,N,2024. 7. 1,2024. 7. 15,서울특별시
삼성이화어린이집,B,우수,우수,우수,보통,2021-07-01 0:00:00,3709,서대문구,11410000210,민간,서울특별시 서대문구 수색로6길 43 삼성래미안2차아파트 (남가좌동),02-308-2215,37.57190226,126.9127455,일반,2021,N,2024. 7. 1,2024. 7. 15,서울특별시
서대문든든어린이집,A,우수,우수,우수,우수,2021-07-01 0:00:00,3689,서대문구,11410000369,국공립,서울특별시 서대문구 거북골로 100 래미안루센티아아파트,02-306-2020,37.57617621,126.9168511,"야간연장,시간제보육",2021,N,2024. 7. 1,2024. 7. 15,서울특별시
아이뜰어린이집,B,우수,우수,보통,보통,2021-07-01 0:00:00,3770,서대문구,11410000341,민간,서울특별시 서대문구 북아현로1길 50 103동 1층,02-312-1255,37.56064025,126.9525035,일반,2021,N,2024. 7. 1,2024. 7. 15,서울특별시
예랑어린이집,A,우수,우수,우수,우수,2021-01-01 0:00:00,3619,서대문구,11410000153,가정,서울특별시 서대문구 간호대로3길 35 101호(홍제동),02-394-1267,37.59534543,126.9477404,야간연장,2021,Y,2024. 1. 1,2024. 1. 15,서울특별시
우정어린이집,B,우수,우수,우수,보통,2021-08-01 0:00:00,3725,서대문구,11410000005,국공립,서울특별시 서대문구 연희로8길 21 구립 우정어린이집,02-3143-4925,37.56535188,126.9311507,"장애아통합,야간연장",2021,N,2024. 8. 1,2024. 8. 15,서울특별시
윤슬어린이집,A,우수,우수,우수,우수,2021-01-01 0:00:00,3659,서대문구,11410000067,민간,서울특별시 서대문구 가좌로 56 (홍은동),02-372-0654,37.57869323,126.9299921,일반,2021,Y,2024. 1. 1,2024. 1. 15,서울특별시
은현어린이집,A,우수,우수,우수,우수,2021-08-01 0:00:00,3676,서대문구,11410000298,민간,서울특별시 서대문구 응암로 151 (북가좌동),02-375-9255,37.58581546,126.9151405,일반,2021,N,2024. 8. 1,2024. 8. 15,서울특별시
이화오뚜기어린이집,B,우수,우수,보통,우수,2021-01-01 0:00:00,3760,서대문구,11410000310,직장,"서울특별시 서대문구 이화여대길 52 (지하1층, 지상1~3층)",02-3277-6609,37.55951759,126.9456023,일반,2021,Y,2024. 1. 1,2024. 1. 15,서울특별시
자람어린이집,A,우수,우수,우수,우수,2021-04-01 0:00:00,3711,서대문구,11410000370,국공립,서울특별시 서대문구 가재울미래로 2 DMC파크뷰자이 4단지 내 402동 1층,02-6954-1909,37.57181376,126.9145581,일반,2021,N,2024. 4. 1,2024. 4. 15,서울특별시
파랑새어린이집,A,우수,우수,우수,우수,2021-01-01 0:00:00,3639,서대문구,11410000033,민간,서울특별시 서대문구 통일로39다길 8 (홍제동),02-379-3235,37.58714165,126.9426295,일반,2021,Y,2024. 1. 1,2024. 1. 15,서울특별시
하늘숲어린이집,A,우수,우수,우수,우수,2021-07-01 0:00:00,3709,서대문구,11410000323,국공립,서울특별시 서대문구 수색로 100 307동 1층,02-307-0881,37.57472791,126.9078169,"야간연장,시간제보육",2021,N,2024. 7. 1,2024. 7. 15,서울특별시
한양에코캠어린이집,A,우수,우수,우수,우수,2021-07-01 0:00:00,3709,서대문구,11410000312,가정,서울특별시 서대문구 응암로 28 (북가좌동 431)연희한양아파트 2동 102호,02-6351-6353,37.5760737,126.910198,야간연장,2021,N,2024. 7. 1,2024. 7. 15,서울특별시
한울어린이집,A,우수,우수,우수,우수,2021-09-01 0:00:00,3719,서대문구,11410000047,민간,서울특별시 서대문구 연희로32길 48 101동 보육시설,02-325-9355,37.57601889,126.9387667,일반,2021,N,2024. 9. 1,2024. 9. 15,서울특별시
행복열매어린이집,A,우수,우수,우수,우수,2021-08-01 0:00:00,3686,서대문구,11410000343,국공립,서울특별시 서대문구 증가로 191 101동 101호,02-6010-7258,37.5789309,126.9167122,야간연장,2021,N,2024. 8. 1,2024. 8. 15,서울특별시
LG마포어린이집,A,우수,우수,우수,우수,2021-03-01 0:00:00,4143,마포구,11440000444,직장,서울특별시 마포구 마포대로 155 마포빌딩 3층,02-2039-7716,37.54835921,126.9536576,일반,2021,N,2024. 3. 1,2024. 3. 15,서울특별시
SK스토아 행복어린이집,A,우수,우수,우수,우수,2021-04-01 0:00:00,3925,마포구,11440000458,직장,"서울특별시 마포구 월드컵북로 402 2층(상암동,KGIT센터)",02-6393-5320,37.58015377,126.8890535,일반,2021,N,2024. 4. 1,2024. 4. 15,서울특별시
강변어린이집,B,우수,우수,보통,우수,2021-07-01 0:00:00,4092,마포구,11440000116,민간,서울특별시 마포구 신수로 15 강변힐스테이트 관리동 (현석동),02-707-3407,37.54334028,126.9328773,일반,2021,N,2024. 7. 1,2024. 7. 15,서울특별시
꿈나무어린이집,A,우수,우수,우수,우수,2021-09-01 0:00:00,4129,마포구,11440000126,가정,"서울특별시 마포구 마포대로 195 , 404동 103호(아현동, 마포래미안푸르지오아파트)",02-313-3636,37.55394364,126.9526407,야간연장,2021,N,2024. 9. 1,2024. 9. 15,서울특별시
다예린어린이집,B,우수,보통,우수,우수,2021-07-01 0:00:00,3935,마포구,11440000320,가정,"서울특별시 마포구 월드컵북로 260 27동 104호(성산동, 성산시영)",02-309-0279,37.5689245,126.9027311,야간연장,2021,N,2024. 7. 1,2024. 7. 15,서울특별시
다온어린이집,A,우수,우수,우수,우수,2021-07-01 0:00:00,3918,마포구,11440000326,가정,"서울특별시 마포구 월드컵북로 502-36 1013동 103호(상암동, 월드컵파크 10단지)",02-305-9820,37.58540429,126.8821793,일반,2021,N,2024. 7. 1,2024. 7. 15,서울특별시
다올어린이집,A,우수,우수,우수,우수,2021-08-01 0:00:00,4044,마포구,11440000463,국공립,서울특별시 마포구 양화로 72 1층,02-332-2322,37.55064135,126.9159629,일반,2021,N,2024. 8. 1,2024. 8. 15,서울특별시
마포삼성어린이집,A,우수,우수,우수,우수,2021-08-01 0:00:00,4170,마포구,11440000239,가정,서울특별시 마포구 도화길 28 마포삼성아파트 103-104,02-6080-6008,37.53992631,126.9498138,일반,2021,N,2024. 8. 1,2024. 8. 15,서울특별시
벧엘어린이집,B,우수,우수,보통,우수,2021-07-01 0:00:00,3944,마포구,11440000138,가정,"서울특별시 마포구 성암로 79 201동 107호(중동, 현대아파트)",02-3142-4750,37.57056752,126.908513,야간연장,2021,N,2024. 7. 1,2024. 7. 15,서울특별시
사랑나무 어린이집,A,우수,우수,우수,우수,2021-07-01 0:00:00,3957,마포구,11440000329,가정,"서울특별시 마포구 방울내로 36 101동 102호(망원동, 두영이지안)",02-334-2240,37.55841439,126.8998712,일반,2021,N,2024. 7. 1,2024. 7. 15,서울특별시
삼성키즈어린이집,A,우수,우수,우수,우수,2021-09-01 0:00:00,4188,마포구,11440000432,국공립,서울특별시 마포구 만리재로 60 305동 104호(신공덕동 삼성래미안),02-704-2428,37.54596021,126.9569996,일반,2021,N,2024. 9. 1,2024. 9. 15,서울특별시
삼성푸른어린이집,A,우수,우수,우수,우수,2021-07-01 0:00:00,4187,마포구,11440000129,가정,"서울특별시 마포구 만리재로 74 204동 102호(신공덕동, 삼성래미안아파트)",02-712-5543,37.54649629,126.9581665,일반,2021,N,2024. 7. 1,2024. 7. 15,서울특별시
상암하늘빛어린이집,A,우수,우수,우수,우수,2021-07-01 0:00:00,3906,마포구,11440000387,국공립,서울특별시 마포구 월드컵로42길 2,02-323-6796,37.57750767,126.8815597,야간연장,2021,N,2024. 7. 1,2024. 7. 15,서울특별시
서울서부지방법원 어린이집,A,우수,우수,우수,우수,2021-01-01 0:00:00,4118,마포구,11440000453,직장,서울특별시 마포구 마포대로 199 4층,02-3271-9270,37.55199047,126.9548445,일반,2021,Y,2024. 1. 1,2024. 1. 15,서울특별시
서현어린이집,A,우수,우수,우수,우수,2021-08-01 0:00:00,4034,마포구,11440000423,국공립,서울특별시 마포구 잔다리로7길 31,02-326-5004,37.5526844,126.9160228,일반,2021,N,2024. 8. 1,2024. 8. 15,서울특별시
성미어린이집,A,우수,우수,우수,우수,2021-08-01 0:00:00,3966,마포구,11440000179,국공립,서울특별시 마포구 월드컵북로15안길 19 (성산동)성미어린이집,02-3141-2833,37.56287047,126.9112944,야간연장,2021,N,2024. 8. 1,2024. 8. 15,서울특별시
신촌그랑어린이집,A,우수,우수,우수,우수,2021-03-01 0:00:00,4105,마포구,11440000462,국공립,서울특별시 마포구 대흥로 175 관리동,02-6949-0277,37.55465868,126.9445909,일반,2021,N,2024. 3. 1,2024. 3. 15,서울특별시
신촌사랑어린이집,A,우수,우수,우수,우수,2021-08-01 0:00:00,4139,마포구,11440000398,국공립,서울특별시 마포구 숭문6길 22,02-706-3026,37.5499423,126.9472923,일반,2021,N,2024. 8. 1,2024. 8. 15,서울특별시
애플그린어린이집,A,우수,우수,우수,우수,2021-08-01 0:00:00,4208,마포구,11440000382,민간,서울특별시 마포구 만리재옛길 60 1층,02-707-2220,37.54879733,126.9577504,일반,2021,N,2024. 8. 1,2024. 8. 15,서울특별시
우리에프아이에스어린이집,B,우수,우수,우수,보통,2021-03-01 0:00:00,3921,마포구,11440000454,직장,서울특별시 마포구 월드컵북로60길 17 3층,02-302-6393,37.58332246,126.8861052,일반,2021,N,2024. 3. 1,2024. 3. 15,서울특별시
정다운키즈어린이집,A,우수,우수,우수,우수,2021-04-01 0:00:00,4028,마포구,11440000386,가정,서울특별시 마포구 희우정로 27,02-338-3892,37.54961513,126.9077361,야간연장,2021,N,2024. 4. 1,2024. 4. 15,서울특별시
중앙그룹직장어린이집,A,우수,우수,우수,우수,2021-01-01 0:00:00,3908,마포구,11440000465,직장,"서울특별시 마포구 월드컵북로 375 1,2층",070-8672-9249,37.57701937,126.8901902,일반,2021,Y,2024. 1. 1,2024. 1. 15,서울특별시
중앙어린이집,A,우수,우수,우수,우수,2021-09-01 0:00:00,4011,마포구,11440000081,가정,서울특별시 마포구 망원로 84-5 중앙어린이집 (망원동),02-333-0363,37.5573459,126.9062861,야간연장,2021,N,2024. 9. 1,2024. 9. 15,서울특별시
키즈랜드 어린이집,B,우수,보통,우수,보통,2021-07-01 0:00:00,3915,마포구,11440000334,민간,서울특별시 마포구 월드컵북로 502-7 월드컵파크 12단지 관리동 1층 (상암동),02-307-5233,37.58635334,126.8798316,일반,2021,N,2024. 7. 1,2024. 7. 15,서울특별시
한솔교육&CJ키즈빌어린이집,A,우수,우수,우수,우수,2021-08-01 0:00:00,3908,마포구,11440000358,직장,서울특별시 마포구 월드컵북로 361 5층,02-6393-0640,37.57709558,126.891382,일반,2021,N,2024. 8. 1,2024. 8. 15,서울특별시
행복어린이집,A,우수,우수,우수,우수,2021-07-01 0:00:00,3951,마포구,11440000426,국공립,서울특별시 마포구 성암로 28,02-3152-9349,37.56915311,126.9133024,야간연장,2021,N,2024. 7. 1,2024. 7. 15,서울특별시
행복타운어린이집,A,우수,우수,우수,우수,2021-06-01 0:00:00,4212,마포구,11440000464,직장,서울특별시 마포구 마포대로 144 마포T타운 2층,070-7470-3598,37.54699963,126.9537286,일반,2021,N,2024. 6. 1,2024. 6. 15,서울특별시
구립 가온어린이집,A,우수,우수,우수,우수,2021-08-01 0:00:00,8066,양천구,11470000616,국공립,서울특별시 양천구 남부순환로83길 17 목동센트럴아이파크위브아파트 1단지,02-2602-2484,37.51608318,126.8411882,일반,2021,N,2024. 8. 1,2024. 8. 15,서울특별시
구립 나래어린이집,A,우수,우수,우수,우수,2021-08-01 0:00:00,8068,양천구,11470000617,국공립,서울특별시 양천구 남부순환로83길 18 목동센트럴아이파크위브아파트 2단지,02-2603-4110,37.51588255,126.8427552,일반,2021,N,2024. 8. 1,2024. 8. 15,서울특별시
구립 누리봄어린이집,A,우수,우수,우수,우수,2021-07-01 0:00:00,8061,양천구,11470000587,국공립,서울특별시 양천구 중앙로29길 61 신정뉴타운 롯데캐슬 관리동 1층,02-2065-9411,37.51888472,126.8475847,야간연장,2021,N,2024. 7. 1,2024. 7. 15,서울특별시
구립 마루어린이집,A,우수,우수,우수,우수,2021-08-01 0:00:00,8067,양천구,11470000618,국공립,서울특별시 양천구 남부순환로83길 47 목동센트럴아이파크위브아파트 4단지,02-2604-4301,37.51700144,126.8439971,일반,2021,N,2024. 8. 1,2024. 8. 15,서울특별시
구립 신정숲속마을어린이집,A,우수,우수,우수,우수,2021-07-01 0:00:00,8111,양천구,11470000582,국공립,서울특별시 양천구 신정로 110,02-2613-2233,37.56647,126.977963,야간연장,2021,N,2024. 7. 1,2024. 7. 15,서울특별시
구립 연두어린이집,A,우수,우수,우수,우수,2021-07-01 0:00:00,8083,양천구,11470000588,국공립,서울특별시 양천구 중앙로36길 15,070-4961-5695,37.52007405,126.8547428,야간연장,2021,N,2024. 7. 1,2024. 7. 15,서울특별시
구립 은하수어린이집,A,우수,우수,우수,우수,2021-07-01 0:00:00,7906,양천구,11470000028,국공립,서울특별시 양천구 남부순환로33길 37 (신월동),02-2603-0286,37.53846928,126.8314168,"장애아통합,야간연장",2021,N,2024. 7. 1,2024. 7. 15,서울특별시
구립 은행정어린이집,A,우수,우수,우수,우수,2021-08-01 0:00:00,8024,양천구,11470000060,국공립,서울특별시 양천구 중앙로46길 57 (신정동),02-2608-0406,37.52291628,126.8584685,"장애아통합,야간연장",2021,N,2024. 8. 1,2024. 8. 15,서울특별시
구립 은혜어린이집,A,우수,우수,우수,우수,2021-08-01 0:00:00,8022,양천구,11470000097,국공립,서울특별시 양천구 목동로15길 24 (신정동),02-2603-1020,37.52404377,126.862181,야간연장,2021,N,2024. 8. 1,2024. 8. 15,서울특별시
구립 해그림어린이집,A,우수,우수,우수,우수,2021-07-01 0:00:00,7993,양천구,11470000589,국공립,서울특별시 양천구 목동로 224 101동 110호,02-2652-6363,37.52839661,126.8646121,일반,2021,N,2024. 7. 1,2024. 7. 15,서울특별시
깨모어린이집,B,보통,보통,보통,우수,2021-01-01 0:00:00,8080,양천구,11470000227,가정,"서울특별시 양천구 신정로13길 50 101동 106호(신월동, 벽산블루밍1단지)",02-2607-1737,37.51550877,126.8418898,일반,2021,Y,2024. 1. 1,2024. 1. 15,서울특별시
꼬마해림어린이집,B,우수,보통,우수,우수,2021-04-01 0:00:00,7979,양천구,11470000344,가정,"서울특별시 양천구 목동서로2길 22 108동 110호(목동, 한신청구아파트)",02-2652-2246,37.54149582,126.8816595,일반,2021,N,2024. 4. 1,2024. 4. 15,서울특별시
두산로다어린이집,A,우수,우수,우수,우수,2021-01-01 0:00:00,8063,양천구,11470000615,가정,서울특별시 양천구 신월로20길 7 신정뉴타운 두산위브 관리동,02-6408-0705,37.51923355,126.8456157,야간연장,2021,Y,2024. 1. 1,2024. 1. 15,서울특별시
리라빅스맘어린이집,B,우수,보통,보통,보통,2021-07-01 0:00:00,7911,양천구,11470000183,민간,서울특별시 양천구 남부순환로40가길 12-2,02-2696-1120,37.53390364,126.8258625,야간연장,2021,N,2024. 7. 1,2024. 7. 15,서울특별시
리틀평강어린이집,A,우수,우수,우수,우수,2021-01-01 0:00:00,8081,양천구,11470000338,가정,"서울특별시 양천구 신정로13길 51 201동 101호(신월동, 벽산블루밍)",02-2699-1216,37.51333908,126.8414519,일반,2021,Y,2024. 1. 1,2024. 1. 15,서울특별시
목3동리라어린이집,B,우수,보통,보통,우수,2021-01-01 0:00:00,7957,양천구,11470000466,민간,서울특별시 양천구 목동중앙남로 69 (목동),02-2654-8489,37.5398875,126.8655093,일반,2021,Y,2024. 1. 1,2024. 1. 15,서울특별시
미소래스콜라어린이집,A,우수,우수,우수,우수,2021-09-01 0:00:00,7960,양천구,11470000516,가정,서울특별시 양천구 목동중앙남로 46 미소래아파트 104호,02-2643-8535,37.53784119,126.8669505,일반,2021,N,2024. 9. 1,2024. 9. 15,서울특별시
벽산어린이집,A,우수,우수,우수,우수,2021-12-01 0:00:00,7929,양천구,11470000237,가정,"서울특별시 양천구 월정로9길 20 203동 107호(신월동, 양천벽산블루밍아파트)",02-2693-3584,37.52497082,126.8389718,일반,2021,N,2024. 12. 1,2024. 12. 15,서울특별시
사랑별어린이집,A,우수,우수,우수,우수,2021-07-01 0:00:00,7989,양천구,11470000554,가정,"서울특별시 양천구 목동서로 130 410동 104호(목동, 목동신시가지아파트4단지)",070-7695-0395,37.53134121,126.8683058,일반,2021,N,2024. 7. 1,2024. 7. 15,서울특별시
서울남부지방법원 직장어린이집,A,우수,우수,우수,우수,2021-08-01 0:00:00,8088,양천구,11470000619,직장,서울특별시 양천구 신월로 386 별관 5층,02-2192-1930,37.52115248,126.8637621,일반,2021,N,2024. 8. 1,2024. 8. 15,서울특별시
성원베베아트스쿨어린이집,A,우수,우수,우수,우수,2021-07-01 0:00:00,7956,양천구,11470000345,가정,"서울특별시 양천구 목동중앙남로 100 103동 106호(목동, 성원아파트)",02-2652-0642,37.54213191,126.8640982,일반,2021,N,2024. 7. 1,2024. 7. 15,서울특별시
송이어린이집,A,우수,우수,우수,우수,2021-01-01 0:00:00,7986,양천구,11470000547,가정,"서울특별시 양천구 목동동로 430 610동 105호(목동, 목동신시가지아파트6단지)",02-2649-0003,37.53520725,126.8843927,일반,2021,Y,2024. 1. 1,2024. 1. 15,서울특별시
엄마사랑어린이집,B,우수,우수,보통,우수,2021-07-01 0:00:00,7975,양천구,11470000105,민간,서울특별시 양천구 목동중앙본로18길 11 (목동),02-2653-6262,37.54165953,126.8698005,야간연장,2021,N,2024. 7. 1,2024. 7. 15,서울특별시
영재산새들어린이집,A,우수,우수,우수,우수,2021-09-01 0:00:00,7914,양천구,11470000314,가정,서울특별시 양천구 남부순환로56길 9 신월3동 코아루 A 1단지 102동 101호,02-2692-7654,37.53539137,126.8263291,야간연장,2021,N,2024. 9. 1,2024. 9. 15,서울특별시
이글아이어린이집,A,우수,우수,우수,우수,2021-07-01 0:00:00,7908,양천구,11470000577,직장,서울특별시 양천구 화곡로 25,070-7379-5603,37.56647,126.977963,야간연장,2021,N,2024. 7. 1,2024. 7. 15,서울특별시
정원어린이집,B,우수,보통,우수,우수,2021-08-01 0:00:00,7902,양천구,11470000560,민간,서울특별시 양천구 남부순환로29길 17-1,02-2603-0258,37.54011214,126.8278081,일반,2021,N,2024. 8. 1,2024. 8. 15,서울특별시
중원어린이집,B,우수,우수,보통,우수,2021-07-01 0:00:00,8080,양천구,11470000281,가정,"서울특별시 양천구 남부순환로85길 16 103동 102호(신월동, 대주파크빌)",02-2699-4841,37.51451684,126.8425442,일반,2021,N,2024. 7. 1,2024. 7. 15,서울특별시
토리어린이집,A,우수,우수,우수,우수,2021-01-01 0:00:00,7944,양천구,11470000165,가정,서울특별시 양천구 은행정로17길 16 (신정동),02-2602-6241,37.52677608,126.8572752,일반,2021,Y,2024. 1. 1,2024. 1. 15,서울특별시
팬더어린이집,A,우수,우수,우수,우수,2021-05-01 0:00:00,8089,양천구,11470000483,가정,"서울특별시 양천구 목동서로 340 923동 105호(신정동, 신시가지9단지아파트)",02-2646-2838,37.51955977,126.8616553,일반,2021,N,2024. 5. 1,2024. 5. 15,서울특별시
해나리어린이집,A,우수,우수,우수,우수,2021-01-01 0:00:00,7993,양천구,11470000137,가정,"서울특별시 양천구 목동로 212 718동 105호(목동, 목동신시가지7단지아파트)",02-2645-0773,37.52669727,126.8657894,일반,2021,Y,2024. 1. 1,2024. 1. 15,서울특별시
LG이노텍 서울어린이집,A,우수,우수,우수,우수,2021-01-01 0:00:00,7796,강서구,11500000732,직장,서울특별시 강서구 마곡중앙10로 30 E3,02-2135-1236,37.56198781,126.8321238,일반,2021,Y,2024. 1. 1,2024. 1. 15,서울특별시
N젤어린이집,A,우수,우수,우수,우수,2021-03-01 0:00:00,7594,강서구,11500000727,직장,서울특별시 강서구 마곡중앙로 177,02-6340-8131,37.56988038,126.8273321,일반,2021,N,2024. 3. 1,2024. 3. 15,서울특별시
강서힐스테이트어린이집,C,보통,보통,보통,개선필요,2021-07-01 0:00:00,7694,강서구,11500000655,민간,서울특별시 강서구 우현로 67,02-2607-7893,37.54754275,126.8373962,일반,2021,N,2024. 7. 1,2024. 7. 15,서울특별시
고운아이어린이집,A,우수,우수,우수,우수,2021-01-01 0:00:00,7809,강서구,11500000690,가정,"서울특별시 강서구 마곡중앙1로 71 1307동 101호(공항동,마곡13단지힐스테이트마스터)",02-2665-5757,37.55690985,126.8178734,일반,2021,Y,2024. 1. 1,2024. 1. 15,서울특별시
구립 신태양어린이집,B,보통,우수,우수,우수,2021-06-01 0:00:00,7745,강서구,11500000735,국공립,서울특별시 강서구 곰달래로31다길 25,02-2699-1921,37.53359999,126.8526489,야간연장,2021,N,2024. 6. 1,2024. 6. 15,서울특별시
구립 큰별어린이집,A,우수,우수,우수,우수,2021-08-01 0:00:00,7578,강서구,11500000684,국공립,"서울특별시 강서구 화곡로63가길 71 1005동 106호(등촌동, 등촌주공10단지아파트)",02-3664-4775,37.56247711,126.8483094,야간연장,2021,N,2024. 8. 1,2024. 8. 15,서울특별시
구립 푸른별어린이집,A,우수,우수,우수,우수,2021-07-01 0:00:00,7634,강서구,11500000661,국공립,서울특별시 강서구 강서로47길 158 201동 104호,02-2667-2288,37.55385752,126.8276407,야간연장,2021,N,2024. 7. 1,2024. 7. 15,서울특별시
근로복지공단 강서어린이집,A,우수,우수,우수,우수,2021-01-01 0:00:00,7707,강서구,11500000711,법인?단체등,서울특별시 강서구 강서로33가길 42,02-2690-2600,37.5435547,126.8378767,"야간연장,시간제보육",2021,Y,2024. 1. 1,2024. 1. 15,서울특별시
꿈꾸는어린이집,B,우수,보통,보통,우수,2021-03-01 0:00:00,7512,강서구,11500000531,민간,서울특별시 강서구 금낭화로24가길 21 (방화동),02-2665-5000,37.5790199,126.8151441,일반,2021,N,2024. 3. 1,2024. 3. 15,서울특별시
늘품어린이집,B,우수,우수,우수,보통,2021-09-01 0:00:00,7751,강서구,11500000081,민간,서울특별시 강서구 강서로18다길 41 2층,02-2608-0177,37.53595154,126.8466948,일반,2021,N,2024. 9. 1,2024. 9. 15,서울특별시
다해영재어린이집,A,우수,우수,우수,우수,2021-09-01 0:00:00,7691,강서구,11500000378,민간,서울특별시 강서구 강서로 266 우장산대림e편한세상파크 관리동 다해영재어린이집,02-2608-0101,37.54816795,126.8418419,야간연장,2021,N,2024. 9. 1,2024. 9. 15,서울특별시
단비어린이집,A,우수,우수,우수,우수,2021-08-01 0:00:00,7656,강서구,11500000606,국공립,서울특별시 강서구 까치산로 166,02-2608-2046,37.55192407,126.8530265,야간연장,2021,N,2024. 8. 1,2024. 8. 15,서울특별시
달님별님어린이집,A,우수,우수,우수,우수,2021-04-01 0:00:00,7738,강서구,11500000204,가정,서울특별시 강서구 곰달래로51길 14 (화곡동),02-2653-1335,37.53236648,126.8584862,야간연장,2021,N,2024. 4. 1,2024. 4. 15,서울특별시
도담어린이집,A,우수,우수,우수,우수,2021-01-01 0:00:00,7798,강서구,11500000635,가정,"서울특별시 강서구 마곡서1로 100 607-104(마곡동,마곡엠벨리6단지)",070-4233-1225,37.56575311,126.8196222,일반,2021,Y,2024. 1. 1,2024. 1. 15,서울특별시
두빛나래터발도르프어린이집,A,우수,우수,우수,우수,2021-08-01 0:00:00,7669,강서구,11500000736,협동,서울특별시 강서구 등촌로39마길 52,02-2653-6986,37.5441165,126.8578306,일반,2021,N,2024. 8. 1,2024. 8. 15,서울특별시
리라어린이집,B,우수,우수,보통,우수,2021-05-01 0:00:00,7723,강서구,11500000631,민간,서울특별시 강서구 초록마을로18길 36,02-2605-3355,37.54056986,126.8488757,일반,2021,N,2024. 5. 1,2024. 5. 15,서울특별시
리틀킹어린이집,A,우수,우수,우수,우수,2021-04-01 0:00:00,7558,강서구,11500000542,직장,서울특별시 강서구 공항대로 607,02-3660-8053,37.54356822,126.8378846,일반,2021,N,2024. 4. 1,2024. 4. 15,서울특별시
마곡10 별솔어린이집,A,우수,우수,우수,우수,2021-07-01 0:00:00,7629,강서구,11500000677,국공립,"서울특별시 강서구 마곡중앙1로 72 1012동 1층(마곡동, 마곡엠밸리10단지)",02-6964-6630,37.55965489,126.8188503,야간연장,2021,N,2024. 7. 1,2024. 7. 15,서울특별시
마곡11 나무햇살어린이집,B,우수,우수,보통,우수,2021-07-01 0:00:00,7808,강서구,11500000676,국공립,"서울특별시 강서구 공항대로 124 1103동 1층(마곡동,마곡엠밸리11단지)",02-6958-7701,37.55941552,126.8208145,야간연장,2021,N,2024. 7. 1,2024. 7. 15,서울특별시
마곡12 온새미어린이집,A,우수,우수,우수,우수,2021-07-01 0:00:00,7808,강서구,11500000678,국공립,"서울특별시 강서구 공항대로 140 1205동 1층(마곡동, 마곡엠밸리 12단지)",02-2088-1722,37.55966597,126.8231907,야간연장,2021,N,2024. 7. 1,2024. 7. 15,서울특별시
마곡8 열린숲어린이집,A,우수,우수,우수,우수,2021-08-01 0:00:00,7599,강서구,11500000679,국공립,"서울특별시 강서구 마곡서1로 81 807동 1층(마곡동, 마곡엠밸리8단지)",02-2039-8301,37.56436486,126.8191547,"장애아통합,야간연장",2021,N,2024. 8. 1,2024. 8. 15,서울특별시
마곡코오롱어린이집,A,우수,우수,우수,우수,2021-02-01 0:00:00,7793,강서구,11500000699,직장,"서울특별시 강서구 마곡동로 110 1층 (마곡동, 코오롱미래기술원)",02-2199-1990,37.56451696,126.8350356,일반,2021,Y,2024. 2. 1,2024. 2. 15,서울특별시
명지어린이집,B,우수,보통,보통,우수,2021-01-01 0:00:00,7736,강서구,11500000232,가정,"서울특별시 강서구 등촌로13아길 44 101동 106호(화곡동, 명지해드는터 아파트)",02-2644-8778,37.53689877,126.8563544,야간연장,2021,Y,2024. 1. 1,2024. 1. 15,서울특별시
별빛어린이집,A,우수,우수,우수,우수,2021-07-01 0:00:00,7571,강서구,11500000113,국공립,서울특별시 강서구 공항대로 447 (등촌동),02-3661-8153,37.55452391,126.8615866,야간연장,2021,N,2024. 7. 1,2024. 7. 15,서울특별시
석란어린이집,A,우수,우수,우수,우수,2021-12-01 0:00:00,7725,강서구,11500000157,민간,서울특별시 강서구 초록마을로32길 38 (화곡동),02-2604-0735,37.53825561,126.847354,일반,2021,N,2024. 12. 1,2024. 12. 15,서울특별시
썬에듀스쿨어린이집,A,우수,우수,우수,우수,2021-09-01 0:00:00,7771,강서구,11500000332,민간,서울특별시 강서구 곰달래로15길 32 (화곡동),02-2694-1300,37.53164347,126.8396796,일반,2021,N,2024. 9. 1,2024. 9. 15,서울특별시
아이꿈어린이집,B,우수,우수,우수,보통,2021-01-01 0:00:00,7586,강서구,11500000188,가정,"서울특별시 강서구 공항대로39길 74 505동 105호(등촌동, 등촌주공5단지아파트)",02-3662-5201,37.56122,126.844635,일반,2021,Y,2024. 1. 1,2024. 1. 15,서울특별시
아이세상어린이집,A,우수,우수,우수,우수,2021-07-01 0:00:00,7524,강서구,11500000173,가정,"서울특별시 강서구 허준로 23 105동 106호(가양동, 한강타운아파트)",02-2659-2431,37.57129093,126.8448709,일반,2021,N,2024. 7. 1,2024. 7. 15,서울특별시
아침해 어린이집,B,보통,우수,우수,우수,2021-07-01 0:00:00,7539,강서구,11500000036,민간,서울특별시 강서구 양천로 731 동아3차아파트 관리소2층 아침해어린이집,02-2668-6733,37.55377921,126.8709224,일반,2021,N,2024. 7. 1,2024. 7. 15,서울특별시
가현어린이집,A,우수,우수,우수,우수,2021-07-01 0:00:00,8238,구로구,11530000041,민간,서울특별시 구로구 경인로35길 113-5 가현어린이집 (고척동),02-2683-3933,37.50131531,126.8518194,일반,2021,N,2024. 7. 1,2024. 7. 15,서울특별시
고려대학교 구로병원 어린이집,B,우수,우수,우수,우수,2021-01-01 0:00:00,8308,구로구,11530000329,직장,서울특별시 구로구 구로동로28길 33-41,02-2626-1919,37.49221157,126.8857284,일반,2021,Y,2024. 1. 1,2024. 1. 15,서울특별시
꼬꼬마어린이집,A,우수,우수,우수,우수,2021-07-01 0:00:00,8355,구로구,11530000365,가정,"서울특별시 구로구 개봉로1길 170 102동 102호(개봉동, 대상아파트)",02-2611-5004,37.48227117,126.849801,일반,2021,N,2024. 7. 1,2024. 7. 15,서울특별시
꼬마별어린이집,A,우수,우수,우수,우수,2021-08-01 0:00:00,8368,구로구,11530000541,가정,"서울특별시 구로구 항동로 43 308동 106호 (항동, 항동하버라인3단지)",02-2611-1911,37.47931948,126.8234367,야간연장,2021,N,2024. 8. 1,2024. 8. 15,서울특별시
꿈이크는어린이집,B,우수,우수,보통,우수,2021-07-01 0:00:00,8275,구로구,11530000497,가정,"서울특별시 구로구 경인로 382 111동 101호(개봉동, 한마을아파트)",02-6347-4827,37.49532173,126.8625425,일반,2021,N,2024. 7. 1,2024. 7. 15,서울특별시
날아라어린이집,A,우수,우수,우수,우수,2021-08-01 0:00:00,8362,구로구,11530000634,국공립,서울특별시 구로구 부광로 96-16,02-2066-7114,37.47573519,126.8157123,야간연장,2021,N,2024. 8. 1,2024. 8. 15,서울특별시
느티나무어린이집,B,보통,우수,우수,우수,2021-05-01 0:00:00,8368,구로구,11530000625,국공립,서울특별시 구로구 항동로 43 1층 관리동,02-2060-2010,37.47795482,126.8236773,일반,2021,N,2024. 5. 1,2024. 5. 15,서울특별시
동화마을어린이집,A,우수,우수,우수,우수,2021-03-01 0:00:00,8313,구로구,11530000203,가정,"서울특별시 구로구 도림로 59 105동 104호(구로동, 구로두산아파트)",02-867-3332,37.48928285,126.8892333,야간연장,2021,N,2024. 3. 1,2024. 3. 15,서울특별시
둥이나라어린이집,A,우수,우수,우수,우수,2021-02-01 0:00:00,8357,구로구,11530000202,가정,서울특별시 구로구 경인로8길 64 101동 104호(오류동 영풍마드레빌아파트),02-2681-0705,37.48275004,126.8393406,일반,2021,Y,2024. 2. 1,2024. 2. 15,서울특별시
디큐브어린이집,A,우수,우수,우수,우수,2021-01-01 0:00:00,8209,구로구,11530000563,민간,서울특별시 구로구 경인로 662,02-2672-8788,37.50812346,126.8882126,일반,2021,Y,2024. 1. 1,2024. 1. 15,서울특별시
로뎀어린이집,A,우수,우수,우수,우수,2021-08-01 0:00:00,8291,구로구,11530000155,가정,"서울특별시 구로구 새말로 31 107동 102호(구로동, 롯데아파트)",02-851-6199,37.50331439,126.8841294,일반,2021,N,2024. 8. 1,2024. 8. 15,서울특별시
리가숲어린이집,B,보통,우수,우수,우수,2021-01-01 0:00:00,8218,구로구,11530000383,민간,서울특별시 구로구 중앙로12길 7 고척LIG리가1단지 관리동 (고척동),02-2613-9282,37.50564037,126.8614166,야간연장,2021,Y,2024. 1. 1,2024. 1. 15,서울특별시
별하어린이집,A,우수,우수,우수,우수,2021-01-01 0:00:00,8368,구로구,11530000637,국공립,서울특별시 구로구 항동로 68 하버라인9단지 관리동 내,02-2682-0996,37.4802377,126.8259275,일반,2021,Y,2024. 1. 1,2024. 1. 15,서울특별시
보배사랑어린이집,A,우수,우수,우수,우수,2021-08-01 0:00:00,8218,구로구,11530000638,국공립,서울특별시 구로구 중앙로12길 7 101동 101호,02-2619-3377,37.50572017,126.8614999,일반,2021,N,2024. 8. 1,2024. 8. 15,서울특별시
붕붕어린이집,B,우수,보통,보통,우수,2021-12-01 0:00:00,8245,구로구,11530000161,민간,서울특별시 구로구 고척로33길 47 금강주택101호 (고척동),02-2689-9932,37.50459392,126.8480912,일반,2021,N,2024. 12. 1,2024. 12. 15,서울특별시
사랑모아어린이집,A,우수,우수,우수,우수,2021-01-01 0:00:00,8327,구로구,11530000271,가정,서울특별시 구로구 가마산로 87 103동 101호(한일유앤아이아파트),02-866-6675,37.48584944,126.8761586,야간연장,2021,Y,2024. 1. 1,2024. 1. 15,서울특별시
새로미어린이집,A,우수,우수,우수,우수,2021-08-01 0:00:00,8350,구로구,11530000579,가정,"서울특별시 구로구 오리로 1102-10 213동 104호(천왕동, 천왕연지타운2단지아파트)",02-6224-1215,37.48401567,126.843341,일반,2021,N,2024. 8. 1,2024. 8. 15,서울특별시
새빛어린이집,A,우수,우수,우수,우수,2021-02-01 0:00:00,8362,구로구,11530000632,국공립,서울특별시 구로구 연동로 233,02-2688-3688,37.48052286,126.8207939,일반,2021,Y,2024. 2. 1,2024. 2. 15,서울특별시
새움터어린이집,B,우수,우수,우수,보통,2021-07-01 0:00:00,8377,구로구,11530000567,국공립,서울특별시 구로구 디지털로33길 28 1차101호,02-854-0022,37.48698181,126.8953136,"장애아통합,야간연장",2021,N,2024. 7. 1,2024. 7. 15,서울특별시
섬기는어린이집,A,우수,우수,우수,우수,2021-09-01 0:00:00,8383,구로구,11530000128,국공립,서울특별시 구로구 우마1다길 25 구립 섬기는 어린이집,02-865-9111,37.48291112,126.8896633,야간연장,2021,N,2024. 9. 1,2024. 9. 15,서울특별시
수잔나어린이집,B,우수,보통,우수,우수,2021-01-01 0:00:00,8239,구로구,11530000022,민간,서울특별시 구로구 고척로51길 73 (고척동),02-2689-1225,37.50688049,126.8524272,야간연장,2021,Y,2024. 1. 1,2024. 1. 15,서울특별시
신나라어린이집,A,우수,우수,우수,우수,2021-08-01 0:00:00,8275,구로구,11530000239,국공립,"서울특별시 구로구 경인로 382 102동 101호(개봉동, 한마을아파트)",02-2060-8733,37.49532173,126.8625425,일반,2021,N,2024. 8. 1,2024. 8. 15,서울특별시
신도림제일어린이집,A,우수,우수,우수,우수,2021-09-01 0:00:00,8203,구로구,11530000021,민간,서울특별시 구로구 신도림로13길 18 19-6,02-2672-5074,37.50893431,126.8807305,일반,2021,N,2024. 9. 1,2024. 9. 15,서울특별시
아람어린이집,A,우수,우수,우수,우수,2021-07-01 0:00:00,8275,구로구,11530000358,가정,"서울특별시 구로구 경인로 382 120동 102호(개봉동, 한마을아파트)",02-2060-6291,37.49532173,126.8625425,일반,2021,N,2024. 7. 1,2024. 7. 15,서울특별시
아이미소어린이집,A,우수,우수,우수,우수,2021-07-01 0:00:00,8368,구로구,11530000499,가정,서울특별시 구로구 항동로 42 한양수자인에듀힐즈 507-101,02-2688-7774,37.47831689,126.8263277,야간연장,2021,N,2024. 7. 1,2024. 7. 15,서울특별시
아이조아어린이집,B,보통,우수,우수,보통,2021-01-01 0:00:00,8230,구로구,11530000204,가정,서울특별시 구로구 고척로52길 48 105동 106호 고척대우아파트,02-2614-9751,37.50339873,126.8551121,일반,2021,Y,2024. 1. 1,2024. 1. 15,서울특별시
엄마품어린이집,B,우수,보통,우수,보통,2021-01-01 0:00:00,8344,구로구,11530000505,가정,"서울특별시 구로구 오류로8다길 9 다동 106호(오류동, 우석빌라)",02-2682-7772,37.49067769,126.8428647,일반,2021,Y,2024. 1. 1,2024. 1. 15,서울특별시
예능어린이집,B,보통,우수,우수,보통,2021-09-01 0:00:00,8202,구로구,11530000279,민간,서울특별시 구로구 신도림로 87 신도림1차동아 1층,02-2675-8788,37.50775634,126.8805886,일반,2021,N,2024. 9. 1,2024. 9. 15,서울특별시
예쁜꼬마어린이집,A,우수,우수,우수,우수,2021-08-01 0:00:00,8207,구로구,11530000321,가정,"서울특별시 구로구 신도림로 78 309동 101호(신도림동, 동아3차아파트)",02-6737-7213,37.50775634,126.8805886,야간연장,2021,N,2024. 8. 1,2024. 8. 15,서울특별시
온새미어린이집,A,우수,우수,우수,우수,2021-08-01 0:00:00,8297,구로구,11530000575,국공립,서울특별시 구로구 새말로18길 130,02-857-3322,37.50109586,126.8922874,야간연장,2021,N,2024. 8. 1,2024. 8. 15,서울특별시
은가람어린이집,A,우수,우수,우수,우수,2021-07-01 0:00:00,8200,구로구,11530000570,국공립,서울특별시 구로구 경인로67길 149 신도림구민생활체육관내 1층,02-2635-1700,37.51376259,126.8832339,야간연장,2021,N,2024. 7. 1,2024. 7. 15,서울특별시
제이백합어린이집,A,우수,우수,우수,우수,2021-01-01 0:00:00,8227,구로구,11530000316,민간,서울특별시 구로구 경인로43길 22 (고척동),02-6414-1434,37.49765106,126.8619032,일반,2021,Y,2024. 1. 1,2024. 1. 15,서울특별시
좋은나무어린이집,B,우수,보통,우수,우수,2021-07-01 0:00:00,8253,구로구,11530000375,가정,"서울특별시 구로구 고척로 49 201동 104호(오류동, 동부골든아파트)",02-2688-2093,37.49927744,126.8395847,일반,2021,N,2024. 7. 1,2024. 7. 15,서울특별시
참누리어린이집,A,우수,우수,우수,우수,2021-09-01 0:00:00,8274,구로구,11530000635,국공립,"서울특별시 구로구 경인로 302 관리동 (개봉동,개봉역센트레빌레우스 임대아파트)",02-2612-2021,37.49577832,126.8546174,일반,2021,N,2024. 9. 1,2024. 9. 15,서울특별시
푸른숲어린이집,A,우수,우수,우수,우수,2021-07-01 0:00:00,8323,구로구,11530000593,국공립,서울특별시 구로구 구일로8길 143,02-830-0161,37.49891856,126.8770372,장애아통합,2021,N,2024. 7. 1,2024. 7. 15,서울특별시
피노키오어린이집,A,우수,우수,우수,우수,2021-07-01 0:00:00,8324,구로구,11530000232,가정,"서울특별시 구로구 구일로8길 31 101동 107호(구로동, 우성아파트)",02-851-4839,37.4946982,126.8724096,일반,2021,N,2024. 7. 1,2024. 7. 15,서울특별시
구립꼬꼬어린이집,A,우수,우수,우수,우수,2021-09-01 0:00:00,8520,금천구,11545000066,국공립,"서울특별시 금천구 가산로 99 107동 102호(가산동, 두산아파트)",02-864-5563,37.47603828,126.8917108,야간연장,2021,N,2024. 9. 1,2024. 9. 15,서울특별시
구립남서울힐스테이트어린이집,A,우수,우수,우수,우수,2021-08-01 0:00:00,8637,금천구,11545000322,국공립,서울특별시 금천구 시흥대로 165 남서울힐스테이트아파트 커뮤니티센터,02-852-2345,37.44605871,126.9006656,야간연장,2021,N,2024. 8. 1,2024. 8. 15,서울특별시
구립벽산꿈어린이집,A,우수,우수,우수,우수,2021-07-01 0:00:00,8646,금천구,11545000006,국공립,"서울특별시 금천구 금하로 816 511동 102호(시흥동, 벽산5단지아파트)",02-3286-7942,37.449738,126.919846,야간연장,2021,N,2024. 7. 1,2024. 7. 15,서울특별시
구립별솔어린이집,A,우수,우수,우수,우수,2021-08-01 0:00:00,8599,금천구,11545000319,국공립,"서울특별시 금천구 한내로 62 4동 104호(독산한신아파트,독산제1동)",02-6672-8810,37.45549154,126.8896335,일반,2021,N,2024. 8. 1,2024. 8. 15,서울특별시
구립새롬어린이집,B,우수,우수,우수,우수,2021-06-01 0:00:00,8561,금천구,11545000308,국공립,서울특별시 금천구 독산로58가길 88,02-808-9377,37.46583223,126.9071957,야간연장,2021,N,2024. 6. 1,2024. 6. 15,서울특별시
구립유나어린이집,A,우수,우수,우수,우수,2021-07-01 0:00:00,8646,금천구,11545000098,국공립,"서울특별시 금천구 금하로 816 516동 102호(시흥동, 관악산벽산타운아파트)",02-808-7369,37.449738,126.919846,야간연장,2021,N,2024. 7. 1,2024. 7. 15,서울특별시
구립화목한어린이집,A,우수,우수,우수,우수,2021-09-01 0:00:00,8644,금천구,11545000223,국공립,"서울특별시 금천구 독산로10길 96 1동 110호(시흥동, 남서울건영2차아파트)",070-7524-6391,37.44939216,126.9104638,일반,2021,N,2024. 9. 1,2024. 9. 15,서울특별시
금천G밸리어린이집,B,우수,우수,우수,보통,2021-01-01 0:00:00,8584,금천구,11545000317,직장,"서울특별시 금천구 두산로 70 현대지식산업센터 티-115,116,117-01",02-2169-2280,37.56647,126.977963,일반,2021,Y,2024. 1. 1,2024. 1. 15,서울특별시
꾸미어린이집,A,우수,우수,우수,우수,2021-01-01 0:00:00,8610,금천구,11545000335,가정,서울특별시 금천구 시흥대로77길 23 시흥베르빌 아파트 101동 104호,02-6348-1108,37.45760708,126.8975987,일반,2021,Y,2024. 1. 1,2024. 1. 15,서울특별시
동화나라어린이집,A,우수,우수,우수,우수,2021-07-01 0:00:00,8572,금천구,11545000107,민간,서울특별시 금천구 독산로 78-1,02-891-2215,37.45451872,126.906811,야간연장,2021,N,2024. 7. 1,2024. 7. 15,서울특별시
엔젤어린이집,A,우수,우수,우수,우수,2021-07-01 0:00:00,8550,금천구,11545000097,민간,서울특별시 금천구 문성로1길 7 (독산동),02-866-7723,37.47672637,126.9041394,야간연장,2021,N,2024. 7. 1,2024. 7. 15,서울특별시
키움어린이집,A,우수,우수,우수,우수,2021-09-01 0:00:00,8608,금천구,11545000321,가정,서울특별시 금천구 벚꽃로 40 111동 105호,02-804-7979,37.46066826,126.8950174,일반,2021,N,2024. 9. 1,2024. 9. 15,서울특별시
한신붕붕어린이집,A,우수,우수,우수,우수,2021-07-01 0:00:00,8599,금천구,11545000160,가정,"서울특별시 금천구 한내로 62 6동 101호(독산동, 한신)",02-899-8999,37.45553904,126.8894522,일반,2021,N,2024. 7. 1,2024. 7. 15,서울특별시
현대키즈어린이집,A,우수,우수,우수,우수,2021-09-01 0:00:00,8596,금천구,11545000221,가정,"서울특별시 금천구 벚꽃로 73 101동 102호(독산동, 금천현대아파트)",02-6265-1880,37.46254233,126.8902586,일반,2021,N,2024. 9. 1,2024. 9. 15,서울특별시
KDB어린이집,A,우수,우수,우수,우수,2021-07-01 0:00:00,7242,영등포구,11560000357,직장,서울특별시 영등포구 은행로 14 한국산업은행,02-787-4365,37.52712161,126.920833,일반,2021,N,2024. 7. 1,2024. 7. 15,서울특별시
LG사랑어린이집,A,우수,우수,우수,우수,2021-07-01 0:00:00,7336,영등포구,11560000387,직장,서울특별시 영등포구 여의대로 128 LG트윈타워,02-3773-1300,37.52792714,126.92924,일반,2021,N,2024. 7. 1,2024. 7. 15,서울특별시
가람어린이집,A,우수,우수,우수,우수,2021-08-01 0:00:00,7374,영등포구,11560000434,국공립,"서울특별시 영등포구 도림로 365 101동 101호(도림동, 동아에코빌)",02-6203-2335,37.5088898,126.8986733,야간연장,2021,N,2024. 8. 1,2024. 8. 15,서울특별시
강남새 어린이집,B,우수,우수,우수,보통,2021-01-01 0:00:00,7216,영등포구,11560000177,민간,서울특별시 영등포구 당산로42길 16 현대5차아파트 단지내 (당산동4가),02-2676-9637,37.52963147,126.9008055,일반,2021,Y,2024. 1. 1,2024. 1. 15,서울특별시
건이강이어린이집,A,우수,우수,우수,우수,2021-08-01 0:00:00,7223,영등포구,11560000427,직장,서울특별시 영등포구 당산동6가 당산로 238,02-2632-4100,37.53425081,126.9024722,일반,2021,N,2024. 8. 1,2024. 8. 15,서울특별시
당산2동센트럴아이파크별하어린이집,A,우수,우수,우수,우수,2021-01-01 0:00:00,7215,영등포구,11560000481,국공립,서울특별시 영등포구 영신로 247 107동 관리동,02-2135-2653,37.52985378,126.9022969,일반,2021,Y,2024. 1. 1,2024. 1. 15,서울특별시
당산2동은솔어린이집,A,우수,우수,우수,우수,2021-09-01 0:00:00,7215,영등포구,11560000480,국공립,서울특별시 영등포구 당산로42길 23,02-2636-5630,37.53015742,126.9017506,일반,2021,N,2024. 9. 1,2024. 9. 15,서울특별시
도담어린이집,A,우수,우수,우수,우수,2021-07-01 0:00:00,7223,영등포구,11560000432,국공립,서울특별시 영등포구 당산동6가 당산로50길 29,02-2675-5657,37.53311047,126.9050849,야간연장,2021,N,2024. 7. 1,2024. 7. 15,서울특별시
문래자이어린이집,A,우수,우수,우수,우수,2021-07-01 0:00:00,7298,영등포구,11560000431,국공립,서울특별시 영등포구 문래동3가 당산로4길 12 관리동,02-2069-4512,37.51627692,126.8973919,야간연장,2021,N,2024. 7. 1,2024. 7. 15,서울특별시
별님스타키즈 어린이집,B,우수,우수,우수,보통,2021-07-01 0:00:00,7217,영등포구,11560000278,민간,서울특별시 영등포구 당산로41길 17,02-2633-4533,37.53169847,126.8973889,일반,2021,N,2024. 7. 1,2024. 7. 15,서울특별시
삼육어린이집,A,우수,우수,우수,우수,2021-07-01 0:00:00,7278,영등포구,11560000389,가정,"서울특별시 영등포구 양평동2가 선유서로21길 19 101동104호(양평동2가, 양평동벽산블루밍아파트)",02-2631-7676,37.52228,126.882965,일반,2021,N,2024. 7. 1,2024. 7. 15,서울특별시
서비스에이스 하람어린이집,A,우수,우수,우수,우수,2021-05-01 0:00:00,7298,영등포구,11560000476,직장,서울특별시 영등포구 문래로28길 25 에스타워 3층(문래동3가),02-6256-0190,37.515769,126.8997702,일반,2021,N,2024. 5. 1,2024. 5. 15,서울특별시
신길센트럴자이 솔빛 어린이집,A,우수,우수,우수,우수,2021-06-01 0:00:00,7397,영등포구,11560000477,국공립,서울특별시 영등포구 신길로29길 17,02-848-1531,37.50299027,126.9077831,야간연장,2021,N,2024. 6. 1,2024. 6. 15,서울특별시
아이꿈나무어린이집,A,우수,우수,우수,우수,2021-01-01 0:00:00,7283,영등포구,11560000045,가정,"서울특별시 영등포구 문래로4길 6 201동 106호(문래동6가, 현대아파트)",02-847-9448,37.52039597,126.8830515,일반,2021,Y,2024. 1. 1,2024. 1. 15,서울특별시
아이온어린이집,B,우수,우수,보통,우수,2021-01-01 0:00:00,7395,영등포구,11560000426,가정,"서울특별시 영등포구 가마산로 442 104동 104호(신길동, 래미안영등포 프레비뉴아파트)",02-846-7771,37.50500938,126.9088889,일반,2021,Y,2024. 1. 1,2024. 1. 15,서울특별시
아이키움문래어린이집,A,우수,우수,우수,우수,2021-08-01 0:00:00,7282,영등포구,11560000478,민간,서울특별시 영등포구 선유로9길 30 102동 1층(문래동6가),02-6397-7955,37.51816857,126.8856161,일반,2021,N,2024. 8. 1,2024. 8. 15,서울특별시
영등포든든어린이집,A,우수,우수,우수,우수,2021-07-01 0:00:00,7412,영등포구,11560000479,국공립,서울특별시 영등포구 대림로35가길 9,02-842-2021,37.49808746,126.8979364,장애아통합,2021,N,2024. 7. 1,2024. 7. 15,서울특별시
영등포사임당어린이집,B,우수,보통,우수,보통,2021-01-01 0:00:00,7244,영등포구,11560000245,민간,서울특별시 영등포구 양산로 177 경남아너스빌아파트 관리동 (영등포동7가),02-2676-0579,37.52387114,126.9026458,일반,2021,Y,2024. 1. 1,2024. 1. 15,서울특별시
예승아트스쿨어린이집,A,우수,우수,우수,우수,2021-01-01 0:00:00,7362,영등포구,11560000139,민간,서울특별시 영등포구 신길로42길 10,02-846-4422,37.5078418,126.9118136,일반,2021,Y,2024. 1. 1,2024. 1. 15,서울특별시
온새미로어린이집,A,우수,우수,우수,우수,2021-07-01 0:00:00,7258,영등포구,11560000392,가정,"서울특별시 영등포구 당산동3가 영신로 193 2동 106호(당산동3가,한양아파트)",02-6369-2013,37.52520423,126.9018391,일반,2021,N,2024. 7. 1,2024. 7. 15,서울특별시
완두콩어린이집,A,우수,우수,우수,우수,2021-09-01 0:00:00,7439,영등포구,11560000209,가정,서울특별시 영등포구 디지털로 420 신대림2차 신동아 파밀리에 104동 103호,02-842-5695,37.49298681,126.9048864,일반,2021,N,2024. 9. 1,2024. 9. 15,서울특별시
은빛어린이집,A,우수,우수,우수,우수,2021-08-01 0:00:00,7380,영등포구,11560000338,가정,"서울특별시 영등포구 도신로 68 106동 107호(신길동, 신길우성1차아파트)",070-4046-2274,37.50530872,126.9002225,일반,2021,N,2024. 8. 1,2024. 8. 15,서울특별시
은지어린이집,A,우수,우수,우수,우수,2021-08-01 0:00:00,7392,영등포구,11560000094,가정,서울특별시 영등포구 신풍로19가길 12-1 102호(신길동),02-848-4833,37.49991486,126.9158614,일반,2021,N,2024. 8. 1,2024. 8. 15,서울특별시
이든어린이집,A,우수,우수,우수,우수,2021-07-01 0:00:00,7209,영등포구,11560000435,국공립,서울특별시 영등포구 양평동4가 양평로17길 36 1동 110호,02-2676-5422,37.53443485,126.894371,야간연장,2021,N,2024. 7. 1,2024. 7. 15,서울특별시
작은꼬마어린이집,A,우수,우수,우수,우수,2021-07-01 0:00:00,7435,영등포구,11560000437,국공립,서울특별시 영등포구 여의대방로5길 6 우창아파트 1동 108호,02-833-3044,37.49739997,126.9118972,야간연장,2021,N,2024. 7. 1,2024. 7. 15,서울특별시
즐거운어린이집,A,우수,우수,우수,우수,2021-07-01 0:00:00,7217,영등포구,11560000439,국공립,서울특별시 영등포구 당산동4가 당산로41길 23 101동 102호,02-6269-3939,37.53149598,126.8966243,야간연장,2021,N,2024. 7. 1,2024. 7. 15,서울특별시
피터팬어린이집,A,우수,우수,우수,우수,2021-02-01 0:00:00,7264,영등포구,11560000065,가정,"서울특별시 영등포구 당산로 95 102동 101호(당산동2가, 한전현대아파트)",02-2633-8078,37.52358452,126.8949051,일반,2021,Y,2024. 2. 1,2024. 2. 15,서울특별시
하늘어린이집,A,우수,우수,우수,우수,2021-07-01 0:00:00,7344,영등포구,11560000230,가정,"서울특별시 영등포구 63로 45 11동 12호(여의도동, 여의도시범아파트)",02-782-7809,37.52076437,126.9370282,일반,2021,N,2024. 7. 1,2024. 7. 15,서울특별시
한신엄마품어린이집,A,우수,우수,우수,우수,2021-09-01 0:00:00,7204,영등포구,11560000384,가정,서울특별시 영등포구 양평동5가 양평로24길 9 한신아파트 103동 101호,02-2677-5054,37.53937763,126.8925328,일반,2021,N,2024. 9. 1,2024. 9. 15,서울특별시
행복드림어린이집,A,우수,우수,우수,우수,2021-01-01 0:00:00,7295,영등포구,11560000360,가정,서울특별시 영등포구 문래로20길 14 문래공원한신아파트 2동 101호,02-3667-7959,37.51738319,126.8932163,일반,2021,Y,2024. 1. 1,2024. 1. 15,서울특별시
효성어린이집,A,우수,우수,우수,우수,2021-01-01 0:00:00,7215,영등포구,11560000179,민간,서울특별시 영등포구 당산로42길 13 효성아파트 1차 관리동1층 (당산동5가),02-2069-1770,37.5307754,126.9017323,일반,2021,Y,2024. 1. 1,2024. 1. 15,서울특별시
구립꿈담어린이집,A,우수,우수,우수,우수,2021-04-01 0:00:00,6969,동작구,11590000435,국공립,서울특별시 동작구 상도로47아길 44-1 2층,02-813-4246,37.50401952,126.953594,야간연장,2021,N,2024. 4. 1,2024. 4. 15,서울특별시
구립나래어린이집,A,우수,우수,우수,우수,2021-04-01 0:00:00,6950,동작구,11590000047,국공립,서울특별시 동작구 상도로15라길 24 나래어린이집,02-823-3412,37.50442398,126.9401361,"장애아통합,야간연장,휴일보육,시간제보육",2021,N,2024. 4. 1,2024. 4. 15,서울특별시
구립다움어린이집,A,우수,우수,우수,우수,2021-07-01 0:00:00,7029,동작구,11590000438,국공립,서울특별시 동작구 사당로 90 사당롯데캐슬골든포레 관리동 1층,02-582-2990,37.49150539,126.9622945,휴일보육,2021,N,2024. 7. 1,2024. 7. 15,서울특별시
구립로미어린이집,A,우수,우수,우수,우수,2021-07-01 0:00:00,6920,동작구,11590000396,국공립,서울특별시 동작구 만양로 19,02-3280-3535,37.50707192,126.9457209,"장애아통합,야간연장",2021,N,2024. 7. 1,2024. 7. 15,서울특별시
구립보라매어린이집,A,우수,우수,우수,우수,2021-07-01 0:00:00,7058,동작구,11590000058,국공립,서울특별시 동작구 여의대방로22길 44 (신대방동),02-826-4503,37.49751525,126.9223598,"야간연장,휴일보육",2021,N,2024. 7. 1,2024. 7. 15,서울특별시
구립사당빛나어린이집,A,우수,우수,우수,우수,2021-07-01 0:00:00,6998,동작구,11590000414,국공립,서울특별시 동작구 동작대로29길 118,02-845-6545,37.4912658,126.9765536,"장애아통합,야간연장,시간제보육",2021,N,2024. 7. 1,2024. 7. 15,서울특별시
구립아기둥지어린이집,A,우수,우수,우수,우수,2021-07-01 0:00:00,7026,동작구,11590000416,국공립,서울특별시 동작구 상도로 421 108동 108호 (관악현대아파트),02-887-7796,37.49279034,126.9586075,야간연장,2021,N,2024. 7. 1,2024. 7. 15,서울특별시
구립아람어린이집,A,우수,우수,우수,우수,2021-08-01 0:00:00,6964,동작구,11590000413,국공립,서울특별시 동작구 상도로30길 40 두산위브트레지움아파트 203동 204호,02-822-8620,37.56647,126.977963,"장애아통합,야간연장",2021,N,2024. 8. 1,2024. 8. 15,서울특별시
구립은하어린이집,A,우수,우수,우수,우수,2021-07-01 0:00:00,7059,동작구,11590000055,국공립,서울특별시 동작구 여의대방로22아길 77,02-821-0421,37.49582939,126.9251035,"장애아통합,야간연장",2021,N,2024. 7. 1,2024. 7. 15,서울특별시
구립참사랑어린이집,B,우수,우수,보통,우수,2021-07-01 0:00:00,7012,동작구,11590000022,국공립,서울특별시 동작구 동작대로17길 37 (사당동),02-582-2072,37.48279028,126.9774966,"장애아통합,방과후 통합,야간연장",2021,N,2024. 7. 1,2024. 7. 15,서울특별시
구립키움어린이집,A,우수,우수,우수,우수,2021-07-01 0:00:00,6916,동작구,11590000415,국공립,서울특별시 동작구 매봉로 123 104동 101호,02-2135-6663,37.51021009,126.9497079,야간연장,2021,N,2024. 7. 1,2024. 7. 15,서울특별시
구립한울어린이집,A,우수,우수,우수,우수,2021-08-01 0:00:00,7061,동작구,11590000376,국공립,서울특별시 동작구 보라매로9다길 15,02-821-4645,37.49425684,126.9262827,"야간연장,시간제보육",2021,N,2024. 8. 1,2024. 8. 15,서울특별시
구립흑석어린이집,A,우수,우수,우수,우수,2021-07-01 0:00:00,6976,동작구,11590000036,국공립,서울특별시 동작구 서달로 61,02-813-9598,37.49999038,126.9616935,"야간연장,휴일보육",2021,N,2024. 7. 1,2024. 7. 15,서울특별시
노들어린이집,B,우수,우수,우수,보통,2021-07-01 0:00:00,6919,동작구,11590000150,가정,서울특별시 동작구 만양로2길 76 현대씨티빌 102호 (상도동),02-816-0107,37.50739103,126.9513323,"야간연장,시간제보육",2021,N,2024. 7. 1,2024. 7. 15,서울특별시
동작구청어린이집,A,우수,우수,우수,우수,2021-07-01 0:00:00,6928,동작구,11590000254,직장,서울특별시 동작구 장승배기로 161 동작구청 47동 2층 2호(노량진동),02-820-1567,37.51234662,126.9394088,야간연장,2021,N,2024. 7. 1,2024. 7. 15,서울특별시
두산위브어린이집,A,우수,우수,우수,우수,2021-07-01 0:00:00,7004,동작구,11590000350,가정,서울특별시 동작구 사당로13길 31 관리동 1층,02-536-0066,37.48593008,126.9713552,야간연장,2021,N,2024. 7. 1,2024. 7. 15,서울특별시
리틀스텝어린이집,A,우수,우수,우수,우수,2021-05-01 0:00:00,6965,동작구,11590000351,민간,서울특별시 동작구 상도로34길 36-13,02-816-1486,37.50357968,126.9443367,야간연장,2021,N,2024. 5. 1,2024. 5. 15,서울특별시
서울특별시립보라매병원어린이집,A,우수,우수,우수,우수,2021-09-01 0:00:00,7061,동작구,11590000077,직장,서울특별시 동작구 보라매로5길 20 시립보라매병원 본관3층 (신대방동),02-870-2935,37.49324541,126.924459,일반,2021,N,2024. 9. 1,2024. 9. 15,서울특별시
신영어린이집,A,우수,우수,우수,우수,2021-07-01 0:00:00,7064,동작구,11590000183,민간,서울특별시 동작구 여의대방로 28 현대아파트 104동 앞,02-845-9874,37.49466419,126.912119,야간연장,2021,N,2024. 7. 1,2024. 7. 15,서울특별시
아이세상어린이집,B,보통,보통,보통,우수,2021-01-01 0:00:00,6952,동작구,11590000189,민간,서울특별시 동작구 상도로 107 쌍용스위트닷홈아파트상가아이세상어린이집 (상도동),02-812-6775,37.50129774,126.9326719,일반,2021,Y,2024. 1. 1,2024. 1. 15,서울특별시
예영어린이집,A,우수,우수,우수,우수,2021-05-01 0:00:00,7065,동작구,11590000137,가정,"서울특별시 동작구 여의대방로 22 2동 102호(신대방동, 우성아파트)",02-847-4410,37.49234389,126.9116167,일반,2021,N,2024. 5. 1,2024. 5. 15,서울특별시
유한버들새싹어린이집,A,우수,우수,우수,우수,2021-03-01 0:00:00,6927,동작구,11590000437,직장,서울특별시 동작구 노량진로 74 유한양행,02-828-2506,37.51270279,126.9342612,일반,2021,N,2024. 3. 1,2024. 3. 15,서울특별시
이레어린이집,A,우수,우수,우수,우수,2021-09-01 0:00:00,7009,동작구,11590000369,가정,서울특별시 동작구 사당로10길 1 108호 (사당동),02-523-7830,37.48444366,126.9698905,"야간연장,시간제보육",2021,N,2024. 9. 1,2024. 9. 15,서울특별시
자람어린이집,A,우수,우수,우수,우수,2021-08-01 0:00:00,7020,동작구,11590000337,가정,"서울특별시 동작구 사당로16길 96 102동 101호(사당동, 사당휴먼시아)",02-525-9151,37.47940773,126.9697153,일반,2021,N,2024. 8. 1,2024. 8. 15,서울특별시
구립꿀송이어린이집,A,우수,우수,우수,우수,2021-08-01 0:00:00,8725,관악구,11620000543,국공립,서울특별시 관악구 성현로 80 관악드림타운아파트 106-104,02-874-2425,37.4898478,126.9529837,일반,2021,N,2024. 8. 1,2024. 8. 15,서울특별시
구립나래어린이집,A,우수,우수,우수,우수,2021-07-01 0:00:00,8734,관악구,11620000535,국공립,서울특별시 관악구 관악로30길 27 관악푸르지오아파트 112-102,070-7583-7581,37.48896761,126.9606416,야간연장,2021,N,2024. 7. 1,2024. 7. 15,서울특별시
구립당곡어린이집,A,우수,우수,우수,우수,2021-08-01 0:00:00,8719,관악구,11620000011,국공립,서울특별시 관악구 봉천로23길 6 (봉천동)  [보라매동],02-884-2267,37.48672203,126.9354418,"장애아통합,야간연장",2021,N,2024. 8. 1,2024. 8. 15,서울특별시
구립마루어린이집,A,우수,우수,우수,우수,2021-08-01 0:00:00,8715,관악구,11620000534,국공립,서울특별시 관악구 은천로 93 벽산블루밍아파트 503동,02-883-9900,37.487282,126.9452468,야간연장,2021,N,2024. 8. 1,2024. 8. 15,서울특별시
구립보라매어린이집,A,우수,우수,우수,우수,2021-08-01 0:00:00,8709,관악구,11620000533,국공립,서울특별시 관악구 당곡6길 63,02-889-6004,37.49286778,126.930642,"장애아통합,야간연장",2021,N,2024. 8. 1,2024. 8. 15,서울특별시
구립보람어린이집,B,우수,우수,우수,보통,2021-09-01 0:00:00,8730,관악구,11620000536,국공립,서울특별시 관악구 관악로 304 현대아파트 118-101,02-6275-7942,37.49205165,126.9577135,일반,2021,N,2024. 9. 1,2024. 9. 15,서울특별시
구립비안어린이집,A,우수,우수,우수,우수,2021-01-01 0:00:00,8782,관악구,11620000014,국공립,서울특별시 관악구 장군봉6길 8 (봉천동)  [청룡동],02-889-0351,37.48161359,126.9393717,"장애아통합,야간연장",2021,Y,2024. 1. 1,2024. 1. 15,서울특별시
구립아기구름어린이집,A,우수,우수,우수,우수,2021-08-01 0:00:00,8742,관악구,11620000539,국공립,서울특별시 관악구 남부순환로237길 22 1층 (행운동),02-872-2627,37.47937012,126.9607913,야간연장,2021,N,2024. 8. 1,2024. 8. 15,서울특별시
구립인헌어린이집,A,우수,우수,우수,우수,2021-06-01 0:00:00,8798,관악구,11620000562,국공립,서울특별시 관악구 낙성대역14길 6,02-889-8586,37.47389804,126.9642761,"장애아통합,야간연장",2021,N,2024. 6. 1,2024. 6. 15,서울특별시
구립청룡어린이집,A,우수,우수,우수,우수,2021-07-01 0:00:00,8830,관악구,11620000008,국공립,서울특별시 관악구 참숯1길 7 (봉천동)  [청룡동],02-886-1245,37.47885648,126.9422057,야간연장,2021,N,2024. 7. 1,2024. 7. 15,서울특별시
구립키즈맘어린이집,A,우수,우수,우수,우수,2021-07-01 0:00:00,8719,관악구,11620000563,국공립,서울특별시 관악구 봉천로23나길 35 101호,02-874-0761,37.48705736,126.9373987,일반,2021,N,2024. 7. 1,2024. 7. 15,서울특별시
구립토마토어린이집,A,우수,우수,우수,우수,2021-07-01 0:00:00,8797,관악구,11620000538,국공립,서울특별시 관악구 남부순환로248길 78 아이펠리스 101호,02-886-2696,37.47280161,126.9661397,일반,2021,N,2024. 7. 1,2024. 7. 15,서울특별시
꿈나무어린이집,A,우수,우수,우수,우수,2021-01-01 0:00:00,8816,관악구,11620000501,가정,서울특별시 관악구 신림로3가길 45-24 청광아파트 101동 104호,02-878-5403,37.46760244,126.9420779,일반,2021,Y,2024. 1. 1,2024. 1. 15,서울특별시
다솜어린이집,A,우수,우수,우수,우수,2021-08-01 0:00:00,8816,관악구,11620000127,민간,"서울특별시 관악구 신림로3길 40 2층 (신림동, 건영아파트 관리동)  [대학동]",02-885-1941,37.46657574,126.9430056,일반,2021,N,2024. 8. 1,2024. 8. 15,서울특별시
보라빛어린이집,A,우수,우수,우수,우수,2021-07-01 0:00:00,8793,관악구,11620000374,가정,서울특별시 관악구 남부순환로246나길 15-2 (봉천동)  [인헌동],02-887-2829,37.47498175,126.9651122,일반,2021,N,2024. 7. 1,2024. 7. 15,서울특별시
새동원어린이집,B,우수,보통,우수,보통,2021-03-01 0:00:00,8763,관악구,11620000181,민간,서울특별시 관악구 남부순환로163가길 10 1-3층 (신림동)  [신사동],02-857-7777,37.48454735,126.9211837,일반,2021,N,2024. 3. 1,2024. 3. 15,서울특별시
소슬어린이집,B,보통,우수,우수,우수,2021-04-01 0:00:00,8725,관악구,11620000246,민간,서울특별시 관악구 성현로 80 성현동] (봉천동),02-6671-6002,37.48961617,126.9490051,일반,2021,N,2024. 4. 1,2024. 4. 15,서울특별시
수피아어린이집,B,보통,우수,우수,우수,2021-07-01 0:00:00,8797,관악구,11620000510,가정,"서울특별시 관악구 인헌12길 46-1 208-103 (봉천동,은천아파트) [인헌동]",02-6014-1212,37.47066395,126.9645625,일반,2021,N,2024. 7. 1,2024. 7. 15,서울특별시
아기랑어린이집,A,우수,우수,우수,우수,2021-07-01 0:00:00,8862,관악구,11620000382,가정,"서울특별시 관악구 난곡로 55 205동 103호(신림동, 관악산휴먼시아2단지아파트)",02-864-5825,37.46243039,126.9480608,일반,2021,N,2024. 7. 1,2024. 7. 15,서울특별시
아기샘어린이집,B,보통,우수,보통,우수,2021-01-01 0:00:00,8845,관악구,11620000345,가정,"서울특별시 관악구 신림로29길 3-20 107동 104호(신림동, 신림현대아파트)",02-876-1301,37.47515832,126.9331282,야간연장,2021,Y,2024. 1. 1,2024. 1. 15,서울특별시
아이숲어린이집,A,우수,우수,우수,우수,2021-09-01 0:00:00,8715,관악구,11620000490,가정,서울특별시 관악구 은천로 93 벽산블루밍 아파트 209-102,02-6265-6605,37.487282,126.9452468,일반,2021,N,2024. 9. 1,2024. 9. 15,서울특별시
예삐어린이집,B,우수,보통,우수,우수,2021-07-01 0:00:00,8843,관악구,11620000296,민간,"서울특별시 관악구 문성로 238 1,2층 (신림동)  [신원동]",02-863-7884,37.47878276,126.92985,일반,2021,N,2024. 7. 1,2024. 7. 15,서울특별시
카페24직장어린이집,A,우수,우수,우수,우수,2021-01-01 0:00:00,8708,관악구,11620000564,직장,서울특별시 관악구 보라매로3길 23 2층(카페24직장어린이집),02-6279-2411,37.49110726,126.9255393,일반,2021,Y,2024. 1. 1,2024. 1. 15,서울특별시
큐티프리스쿨어린이집,B,우수,우수,보통,보통,2021-07-01 0:00:00,8847,관악구,11620000139,민간,"서울특별시 관악구 호암로 399 관리동 (신림동,삼성산주공아파트)  [삼성동]",02-3285-2030,37.46137254,126.9254535,일반,2021,N,2024. 7. 1,2024. 7. 15,서울특별시
한솔어린이집,A,우수,우수,우수,우수,2021-07-01 0:00:00,8730,관악구,11620000479,가정,서울특별시 관악구 관악로 304 현대아파트113동101호,02-882-1894,37.49304798,126.9595424,일반,2021,N,2024. 7. 1,2024. 7. 15,서울특별시
BSP어린이집,B,우수,우수,우수,보통,2021-01-01 0:00:00,6598,서초구,11650000434,민간,서울특별시 서초구 고무래로 89 반포써밋푸르지오 아파트 단지 내,02-532-0800,37.50071823,127.0186147,일반,2021,Y,2024. 1. 1,2024. 1. 15,서울특별시
CJ키즈빌어린이집,A,우수,우수,우수,우수,2021-02-01 0:00:00,6761,서초구,11650000443,직장,서울특별시 서초구 전원말4길 7,02-586-2022,37.46552581,126.9893123,일반,2021,Y,2024. 2. 1,2024. 2. 15,서울특별시
KCC직장어린이집,A,우수,우수,우수,우수,2021-04-01 0:00:00,6608,서초구,11650000436,직장,서울특별시 서초구 사평대로 334-2 1층,02-3447-9280,37.50369111,127.021194,일반,2021,N,2024. 4. 1,2024. 4. 15,서울특별시
LG전자 서초어린이집,A,우수,우수,우수,우수,2021-01-01 0:00:00,6772,서초구,11650000440,직장,서울특별시 서초구 양재대로11길 19 고객센터3층,02-503-4013,37.4609732,127.0351808,일반,2021,Y,2024. 1. 1,2024. 1. 15,서울특별시
남태령어린이집,A,우수,우수,우수,우수,2021-07-01 0:00:00,6761,서초구,11650000083,국공립,서울특별시 서초구 전원말길 6 (방배동),02-588-0640,37.46581157,126.9887779,야간연장,2021,N,2024. 7. 1,2024. 7. 15,서울특별시
바른아이어린이집,A,우수,우수,우수,우수,2021-06-01 0:00:00,6767,서초구,11650000352,가정,"서울특별시 서초구 양재대로2길 90 208동 105호(우면동, LH스타힐스)",02-6406-3688,37.4576053,127.0175711,일반,2021,N,2024. 6. 1,2024. 6. 15,서울특별시
반포퍼스티지솔마을어린이집,A,우수,우수,우수,우수,2021-08-01 0:00:00,6547,서초구,11650000301,민간,서울특별시 서초구 반포대로 275 래미안퍼스티지 아파트 125동앞,02-534-7266,37.50369764,126.9980435,일반,2021,N,2024. 8. 1,2024. 8. 15,서울특별시
산성몬테소리어린이집,A,우수,우수,우수,우수,2021-07-01 0:00:00,6544,서초구,11650000325,민간,서울특별시 서초구 사평대로 253,02-536-5893,37.50525097,127.0110398,일반,2021,N,2024. 7. 1,2024. 7. 15,서울특별시
서정어린이집,A,우수,우수,우수,우수,2021-08-01 0:00:00,6677,서초구,11650000201,국공립,서울특별시 서초구 방배천로 48 (방배동),02-581-7227,37.48072829,126.9827743,"야간연장,시간제보육",2021,N,2024. 8. 1,2024. 8. 15,서울특별시
서초2삼성어린이집,A,우수,우수,우수,우수,2021-07-01 0:00:00,6620,서초구,11650000312,직장,서울특별시 서초구 서초대로74길 4 삼성생명 서초타워 3층,02-2055-3481,37.4959613,127.0261239,일반,2021,N,2024. 7. 1,2024. 7. 15,서울특별시
서초구립 리본타워어린이집,A,우수,우수,우수,우수,2021-07-01 0:00:00,6755,서초구,11650000358,국공립,"서울특별시 서초구 바우뫼로18길 20 101동 1층(양재동, 리본타워)",02-3462-7151,37.47420017,127.0331827,일반,2021,N,2024. 7. 1,2024. 7. 15,서울특별시
서초구립 반포센트럴자이어린이집,A,우수,우수,우수,우수,2021-09-01 0:00:00,6509,서초구,11650000448,국공립,서울특별시 서초구 반포대로 310-6 (반포센트럴자이어린이집),02-533-8801,37.50605363,127.0018152,일반,2021,N,2024. 9. 1,2024. 9. 15,서울특별시
서초구립 서초3단지어린이집,A,우수,우수,우수,우수,2021-08-01 0:00:00,6768,서초구,11650000359,국공립,서울특별시 서초구 양재대로2길 34 우면동 408번지 서초보금자리3단지 내 별동,02-572-5004,37.45758089,127.0221666,야간연장,2021,N,2024. 8. 1,2024. 8. 15,서울특별시
서초구립 서초4동삼풍어린이집,A,우수,우수,우수,우수,2021-07-01 0:00:00,6601,서초구,11650000402,국공립,"서울특별시 서초구 서초중앙로 200 5동, 103호(서초동, 삼풍아파트)",02-535-0222,37.54759008,127.0647963,일반,2021,N,2024. 7. 1,2024. 7. 15,서울특별시
서초구립 아크로달어린이집,B,우수,보통,우수,보통,2021-07-01 0:00:00,6503,서초구,11650000399,국공립,"서울특별시 서초구 신반포로15길 19 104동 (아크로리버파크아파트, 반포동)",02-537-3940,37.50610298,126.9928239,일반,2021,N,2024. 7. 1,2024. 7. 15,서울특별시
서초구립 아크로별어린이집,A,우수,우수,우수,우수,2021-07-01 0:00:00,6503,서초구,11650000395,국공립,"서울특별시 서초구 신반포로15길 19 100동(반포동, 아크로리버파크)",02-3478-1442,37.50641028,126.9938564,일반,2021,N,2024. 7. 1,2024. 7. 15,서울특별시
서초구립 아크로해어린이집,A,우수,우수,우수,우수,2021-07-01 0:00:00,6503,서초구,11650000396,국공립,"서울특별시 서초구 신반포로15길 19 106동 1층(반포동, 아크로리버파크)",02-3478-0542,37.50673827,126.9942432,일반,2021,N,2024. 7. 1,2024. 7. 15,서울특별시
서초구립 에스티지하늘어린이집,A,우수,우수,우수,우수,2021-07-01 0:00:00,6624,서초구,11650000403,국공립,"서울특별시 서초구 서운로 107 1층(서초2동, 래미안서초에스티지 아파트)",02-523-0478,37.49262588,127.0255897,일반,2021,N,2024. 7. 1,2024. 7. 15,서울특별시
서초구립 잠원햇살어린이집,A,우수,우수,우수,우수,2021-07-01 0:00:00,6518,서초구,11650000397,국공립,"서울특별시 서초구 잠원로8길 25 1층 (잠원동, 래미안신반포팰리스)",02-536-8725,37.51390071,127.0127023,일반,2021,N,2024. 7. 1,2024. 7. 15,서울특별시
서초구립 포레스타7단지어린이집,A,우수,우수,우수,우수,2021-07-01 0:00:00,6802,서초구,11650000357,국공립,서울특별시 서초구 청계산로11길 7-12 708동 1층,070-7204-2030,37.44401898,127.062171,일반,2021,N,2024. 7. 1,2024. 7. 15,서울특별시
서초구립하나푸르니반포어린이집,A,우수,우수,우수,우수,2021-07-01 0:00:00,6593,서초구,11650000339,국공립,서울특별시 서초구 서초중앙로33길 10 반포4동,02-592-5181,37.50134787,127.0107498,야간연장,2021,N,2024. 7. 1,2024. 7. 15,서울특별시
언남해피어린이집,A,우수,우수,우수,우수,2021-04-01 0:00:00,6780,서초구,11650000024,민간,서울특별시 서초구 동산로13길 35 (양재동),02-576-7525,37.47233011,127.0430079,야간연장,2021,N,2024. 4. 1,2024. 4. 15,서울특별시
키즈랜드어린이집,A,우수,우수,우수,우수,2021-07-01 0:00:00,6767,서초구,11650000338,민간,서울특별시 서초구 양재대로2길 90 서초보금자리2단지 관리동,02-3462-3500,37.4576053,127.0175711,일반,2021,N,2024. 7. 1,2024. 7. 15,서울특별시
가로수 어린이집,A,우수,우수,우수,우수,2021-07-01 0:00:00,6029,강남구,11680000427,국공립,서울특별시 강남구 압구정로18길 28 신구초등학교,02-511-5466,37.5233613,127.0239915,야간연장,2021,N,2024. 7. 1,2024. 7. 15,서울특별시
가온어린이집,A,우수,우수,우수,우수,2021-07-01 0:00:00,6365,강남구,11680000416,국공립,서울특별시 강남구 헌릉로618길 8 대왕초등학교내,02-445-7890,37.46430376,127.1055047,야간연장,2021,N,2024. 7. 1,2024. 7. 15,서울특별시
광림어린이집,A,우수,우수,우수,우수,2021-01-01 0:00:00,6031,강남구,11680000441,민간,서울특별시 강남구 논현로175길 49,02-2056-5743,37.52435558,127.0259874,일반,2021,Y,2024. 1. 1,2024. 1. 15,서울특별시
다솜어린이집,B,우수,우수,보통,우수,2021-07-01 0:00:00,6347,강남구,11680000406,가정,"서울특별시 강남구 광평로51길 27 402동 104호(수서동, 삼익아파트)",02-445-2982,37.48964377,127.1010485,일반,2021,N,2024. 7. 1,2024. 7. 15,서울특별시
대웅 리틀베어 어린이집,A,우수,우수,우수,우수,2021-01-01 0:00:00,6170,강남구,11680000373,직장,서울특별시 강남구 봉은사로114길 12,02-550-8885,37.51442782,127.0654697,야간연장,2021,Y,2024. 1. 1,2024. 1. 15,서울특별시
대치도담 어린이집,A,우수,우수,우수,우수,2021-07-01 0:00:00,6205,강남구,11680000426,국공립,서울특별시 강남구 선릉로64길 33 도곡초등학교(대치4동),02-565-6433,37.49950701,127.0544455,야간연장,2021,N,2024. 7. 1,2024. 7. 15,서울특별시
대치팰리스어린이집,A,우수,우수,우수,우수,2021-07-01 0:00:00,6280,강남구,11680000466,민간,서울특별시 강남구 삼성로51길 37 래미안대치팰리스 1단지 관리동,02-3482-4361,37.49343628,127.0576978,일반,2021,N,2024. 7. 1,2024. 7. 15,서울특별시
도토리소풍넥슨 강남어린이집,A,우수,우수,우수,우수,2021-12-01 0:00:00,6124,강남구,11680000495,직장,서울특별시 강남구 강남대로110길 36 (역삼동),02-538-1026,37.50391269,127.0280053,일반,2021,N,2024. 12. 1,2024. 12. 15,서울특별시
래미안도곡카운티어린이집,B,우수,보통,우수,우수,2021-07-01 0:00:00,6275,강남구,11680000414,민간,서울특별시 강남구 선릉로 227 래미안도곡카운티아파트 관리동,02-3462-7942,37.49583888,127.0527375,일반,2021,N,2024. 7. 1,2024. 7. 15,서울특별시
브니엘어린이집,A,우수,우수,우수,우수,2021-01-01 0:00:00,6334,강남구,11680000346,가정,"서울특별시 강남구 개포로109길 21 304동 106호(개포동, 대청아파트)",02-6160-5571,37.4939874,127.0750955,일반,2021,Y,2024. 1. 1,2024. 1. 15,서울특별시
빛의숲어린이집,A,우수,우수,우수,우수,2021-11-01 0:00:00,6025,강남구,11680000493,가정,서울특별시 강남구 논현로158길 19 1층,02-542-5857,37.52217218,127.029996,일반,2021,N,2024. 11. 1,2024. 11. 15,서울특별시
세곡연두 어린이집,A,우수,우수,우수,우수,2021-08-01 0:00:00,6374,강남구,11680000429,국공립,서울특별시 강남구 자곡로3길 22 LH강남3단지(관리동),02-451-4488,37.47112363,127.0910855,야간연장,2021,N,2024. 8. 1,2024. 8. 15,서울특별시
수연어린이집,A,우수,우수,우수,우수,2021-07-01 0:00:00,6097,강남구,11680000417,국공립,서울특별시 강남구 봉은사로59길 22 .,02-546-6873,37.51244392,127.0455566,야간연장,2021,N,2024. 7. 1,2024. 7. 15,서울특별시
아기사랑 어린이집,B,보통,우수,우수,우수,2021-07-01 0:00:00,6263,강남구,11680000388,가정,서울특별시 강남구 도곡로18길 34 3동 103호(도곡현대아파트),02-571-3022,37.49098792,127.039257,일반,2021,N,2024. 7. 1,2024. 7. 15,서울특별시
이레어린이집,B,우수,우수,보통,보통,2021-07-01 0:00:00,6043,강남구,11680000430,가정,서울특별시 강남구 강남대로146길 28 103동 101호,02-516-2003,37.51466501,127.0229843,일반,2021,N,2024. 7. 1,2024. 7. 15,서울특별시
초록어린이집,A,우수,우수,우수,우수,2021-07-01 0:00:00,6366,강남구,11680000385,국공립,서울특별시 강남구 헌릉로590길 63 세곡5단지 리엔파크 관리동,02-445-2326,37.46033783,127.1016068,야간연장,2021,N,2024. 7. 1,2024. 7. 15,서울특별시
충현어린이집,A,우수,우수,우수,우수,2021-01-01 0:00:00,6136,강남구,11680000104,민간,서울특별시 강남구 테헤란로27길 40 1층(역삼동),02-554-7055,37.50498851,127.0375567,일반,2021,Y,2024. 1. 1,2024. 1. 15,서울특별시
킹스키즈어린이집,B,우수,우수,보통,우수,2021-02-01 0:00:00,6204,강남구,11680000167,민간,서울특별시 강남구 도곡로73길 31-1,02-3453-1997,37.49981933,127.0562249,일반,2021,Y,2024. 2. 1,2024. 2. 15,서울특별시
포도나무 어린이집,A,우수,우수,우수,우수,2021-08-01 0:00:00,6355,강남구,11680000383,가정,서울특별시 강남구 광평로19길 15 목련타운 아파트 109동103호,02-445-9486,37.48462479,127.0853167,일반,2021,N,2024. 8. 1,2024. 8. 15,서울특별시
포레스트어린이집,A,우수,우수,우수,우수,2021-11-01 0:00:00,6310,강남구,11680000496,국공립,서울특별시 강남구 개포로 264,02-2058-3788,37.47943719,127.053163,야간연장,2021,N,2024. 11. 1,2024. 11. 15,서울특별시
포스코 제1 어린이집,A,우수,우수,우수,우수,2021-03-01 0:00:00,6194,강남구,11680000337,직장,서울특별시 강남구 테헤란로 440 (대치동),02-3457-6282,37.50576261,127.0561048,일반,2021,N,2024. 3. 1,2024. 3. 15,서울특별시
포스코 제2 어린이집,A,우수,우수,우수,우수,2021-05-01 0:00:00,6194,강남구,11680000491,직장,서울특별시 강남구 테헤란로 440 포스코센터 4층,02-3457-6591,37.50627215,127.056493,일반,2021,N,2024. 5. 1,2024. 5. 15,서울특별시
한별어린이집,A,우수,우수,우수,우수,2021-07-01 0:00:00,6165,강남구,11680000340,국공립,서울특별시 강남구 봉은사로82길 23 (삼성동),02-569-8711,37.51178125,127.0554951,야간연장,2021,N,2024. 7. 1,2024. 7. 15,서울특별시
한신휴플러스어린이집,A,우수,우수,우수,우수,2021-09-01 0:00:00,6378,강남구,11680000412,민간,서울특별시 강남구 밤고개로27길 20 관리동,02-578-7866,37.46932164,127.1108221,일반,2021,N,2024. 9. 1,2024. 9. 15,서울특별시
현대모비스모아어린이집,A,우수,우수,우수,우수,2021-09-01 0:00:00,6131,강남구,11680000492,직장,서울특별시 강남구 테헤란로13길 34,02-3454-0062,37.50187767,127.0319373,일반,2021,N,2024. 9. 1,2024. 9. 15,서울특별시
현대오토에버 늘해랑어린이집,A,우수,우수,우수,우수,2021-12-01 0:00:00,6185,강남구,11680000494,직장,서울특별시 강남구 삼성로84길 13,02-3453-0053,37.50558517,127.0587247,일반,2021,N,2024. 12. 1,2024. 12. 15,서울특별시
현대오토에버 어린이집,A,우수,우수,우수,우수,2021-03-01 0:00:00,6171,강남구,11680000479,직장,서울특별시 강남구 테헤란로113길 12,02-6200-4055,37.50926015,127.0671609,일반,2021,N,2024. 3. 1,2024. 3. 15,서울특별시
AJ어린이집,A,우수,우수,우수,우수,2021-01-01 0:00:00,5836,송파구,11710000718,직장,서울특별시 송파구 정의로8길 9 문정동 640-5,02-6240-1490,37.48638355,127.1164979,일반,2021,Y,2024. 1. 1,2024. 1. 15,서울특별시
개롱어린이집,A,우수,우수,우수,우수,2021-08-01 0:00:00,5820,송파구,11710000408,국공립,서울특별시 송파구 동남로 225 가락래미안파크팰리스아파트 관리동 1층,02-400-7052,37.49811808,127.1321282,야간연장,2021,N,2024. 8. 1,2024. 8. 15,서울특별시
꽃뜰어린이집,A,우수,우수,우수,우수,2021-07-01 0:00:00,5817,송파구,11710000151,가정,"서울특별시 송파구 새말로8길 12 104동 102호(문정동, 건영아파트)",02-449-3759,37.48085061,127.1260034,야간연장,2021,N,2024. 7. 1,2024. 7. 15,서울특별시
꿈에그린어린이집,A,우수,우수,우수,우수,2021-07-01 0:00:00,5853,송파구,11710000690,가정,"서울특별시 송파구 위례광장로 121 장지동 901, 위례24단지 2413동 101호",02-401-7775,37.47686666,127.1382162,일반,2021,N,2024. 7. 1,2024. 7. 15,서울특별시
나무어린이집,B,우수,우수,우수,우수,2021-01-01 0:00:00,5660,송파구,11710000659,가정,"서울특별시 송파구 중대로31길 18 가동 103호(오금동, 현대타운)",02-403-0613,37.50573025,127.1291225,일반,2021,Y,2024. 1. 1,2024. 1. 15,서울특별시
다래어린이집,A,우수,우수,우수,우수,2021-07-01 0:00:00,5769,송파구,11710000058,민간,서울특별시 송파구 오금로42길 9,02-404-0237,37.4971474,127.1343408,야간연장,2021,N,2024. 7. 1,2024. 7. 15,서울특별시
다해키즈어린이집,A,우수,우수,우수,우수,2021-04-01 0:00:00,5555,송파구,11710000564,가정,"서울특별시 송파구 잠실로 62 313동 104호(잠실동, 트리지움)",02-2203-0332,37.5097509,127.0866432,일반,2021,N,2024. 4. 1,2024. 4. 15,서울특별시
딸기어린이집,A,우수,우수,우수,우수,2021-01-01 0:00:00,5503,송파구,11710000621,가정,"서울특별시 송파구 송파대로 567 505-109(잠실3동, 주공아파트)",02-413-6004,37.51313746,127.093049,일반,2021,Y,2024. 1. 1,2024. 1. 15,서울특별시
롯데캐슬아이어린이집,A,우수,우수,우수,우수,2021-01-01 0:00:00,5767,송파구,11710000637,가정,서울특별시 송파구 거마로 56 송파시그니처롯데캐슬 111동 104호,02-402-8577,37.49501615,127.1478576,일반,2021,Y,2024. 1. 1,2024. 1. 15,서울특별시
리센츠어린이집,A,우수,우수,우수,우수,2021-08-01 0:00:00,5502,송파구,11710000729,국공립,"서울특별시 송파구 올림픽로 135 215동 101호(잠실동, 리센츠)",02-417-3033,37.51496169,127.0871756,야간연장,2021,N,2024. 8. 1,2024. 8. 15,서울특별시
맘앤아이어린이집,A,우수,우수,우수,우수,2021-01-01 0:00:00,5507,송파구,11710000603,가정,"서울특별시 송파구 올림픽로 435 217동104호(신천동, 파크리오아파트)",02-420-1108,37.52136,127.10497,일반,2021,Y,2024. 1. 1,2024. 1. 15,서울특별시
무궁화누리어린이집,A,우수,우수,우수,우수,2021-07-01 0:00:00,5642,송파구,11710000624,민간,서울특별시 송파구 오금로23길 23 1층,02-413-4014,37.51037072,127.1165125,일반,2021,N,2024. 7. 1,2024. 7. 15,서울특별시
문정2동어린이집,A,우수,우수,우수,우수,2021-08-01 0:00:00,5834,송파구,11710000732,국공립,"서울특별시 송파구 중대로 24 307동 104호(문정동, 올림픽훼밀리타운)",02-430-2211,37.4865952,127.1119189,야간연장,2021,N,2024. 8. 1,2024. 8. 15,서울특별시
방이숲어린이집,A,우수,우수,우수,우수,2021-07-01 0:00:00,5637,송파구,11710000589,민간,서울특별시 송파구 위례성대로14길 7 1층,02-422-7688,37.51259803,127.1236462,일반,2021,N,2024. 7. 1,2024. 7. 15,서울특별시
보물섬어린이집,A,우수,우수,우수,우수,2021-08-01 0:00:00,5531,송파구,11710000616,가정,"서울특별시 송파구 풍성로26길 31 202-106(풍납동, 송파현대힐스테이트)",02-477-3377,37.53085038,127.1183043,일반,2021,N,2024. 8. 1,2024. 8. 15,서울특별시
뽀로롱어린이집,A,우수,우수,우수,우수,2021-09-01 0:00:00,5750,송파구,11710000311,민간,서울특별시 송파구 마천로51가길 16 (마천동),02-448-5054,37.49799595,127.1522884,야간연장,2021,N,2024. 9. 1,2024. 9. 15,서울특별시
상아어린이집,A,우수,우수,우수,우수,2021-07-01 0:00:00,5741,송파구,11710000217,가정,"서울특별시 송파구 오금로 407 7동 103호(오금동, 상아아파트)",02-6285-6285,37.49801316,127.1357608,일반,2021,N,2024. 7. 1,2024. 7. 15,서울특별시
송파위례24어린이집,A,우수,우수,우수,우수,2021-09-01 0:00:00,5853,송파구,11710000676,국공립,서울특별시 송파구 위례광장로 121,02-430-3663,37.47687593,127.1391449,야간연장,2021,N,2024. 9. 1,2024. 9. 15,서울특별시
송파파크센트럴어린이집,A,우수,우수,우수,우수,2021-09-01 0:00:00,5764,송파구,11710000799,국공립,서울특별시 송파구 오금로 551,02-403-7700,37.4937722,127.1500913,야간연장,2021,N,2024. 9. 1,2024. 9. 15,서울특별시
아리솔어린이집,A,우수,우수,우수,우수,2021-08-01 0:00:00,5527,송파구,11710000686,가정,서울특별시 송파구 올림픽로51길 62 1층,02-483-1225,37.53450158,127.1152099,일반,2021,N,2024. 8. 1,2024. 8. 15,서울특별시
아이꿈어린이집,A,우수,우수,우수,우수,2021-01-01 0:00:00,5848,송파구,11710000706,가정,서울특별시 송파구 위례광장로 163 2202동 103호,02-404-5225,37.4796693,127.1393248,일반,2021,Y,2024. 1. 1,2024. 1. 15,서울특별시
아이비어린이집,B,우수,우수,보통,우수,2021-07-01 0:00:00,5501,송파구,11710000563,가정,서울특별시 송파구 올림픽로 99 115-102,02-421-6234,37.51271109,127.0847962,일반,2021,N,2024. 7. 1,2024. 7. 15,서울특별시
애플어린이집,A,우수,우수,우수,우수,2021-07-01 0:00:00,5502,송파구,11710000374,가정,"서울특별시 송파구 올림픽로 135 221동 102호(잠실동, 리센츠)",02-3486-4775,37.51361024,127.0855692,일반,2021,N,2024. 7. 1,2024. 7. 15,서울특별시
예꿈어린이집,B,우수,우수,우수,보통,2021-05-01 0:00:00,5774,송파구,11710000550,민간,서울특별시 송파구 오금로64나길 9,02-408-3767,37.49188461,127.1482896,일반,2021,N,2024. 5. 1,2024. 5. 15,서울특별시
예사랑어린이집,A,우수,우수,우수,우수,2021-01-01 0:00:00,5707,송파구,11710000301,가정,"서울특별시 송파구 송이로 88 5동 111호(가락동, 대림아파트)",02-400-6214,37.49940021,127.1187297,야간연장,2021,Y,2024. 1. 1,2024. 1. 15,서울특별시
예진어린이집,B,우수,우수,보통,우수,2021-01-01 0:00:00,5504,송파구,11710000190,가정,서울특별시 송파구 올림픽로35길 104 장미1차아파트 7동 106호,02-413-2418,37.51751163,127.1068855,일반,2021,Y,2024. 1. 1,2024. 1. 15,서울특별시
오금사임당어린이집,B,우수,우수,우수,보통,2021-07-01 0:00:00,5728,송파구,11710000591,민간,서울특별시 송파구 동남로23길 50,02-402-2250,37.50377837,127.1343125,야간연장,2021,N,2024. 7. 1,2024. 7. 15,서울특별시
우아한어린이집,A,우수,우수,우수,우수,2021-05-01 0:00:00,5547,송파구,11710000797,직장,서울특별시 송파구 올림픽로32길 37-22,02-422-9941,37.51386945,127.1110717,일반,2021,N,2024. 5. 1,2024. 5. 15,서울특별시
힐스송파어린이집,A,우수,우수,우수,우수,2021-09-01 0:00:00,5849,송파구,11710000741,국공립,"서울특별시 송파구 위례광장로 170 102동 1층(장지동, 힐스테이트송파위례)",02-430-6594,37.47945092,127.1426234,"야간연장,휴일보육,시간제보육",2021,N,2024. 9. 1,2024. 9. 15,서울특별시
고덕샛별어린이집,A,우수,우수,우수,우수,2021-08-01 0:00:00,5230,강동구,11740000088,가정,"서울특별시 강동구 양재대로 1706 4동 104호(고덕동, 아남아파트)",02-441-7956,37.55787275,127.1459117,장애아통합,2021,N,2024. 8. 1,2024. 8. 15,서울특별시
구립강동든든어린이집,A,우수,우수,우수,우수,2021-09-01 0:00:00,5201,강동구,11740000531,국공립,서울특별시 강동구 아리수로93가길 110 강동리버스트 4단지 관리동,02-442-2807,37.57279969,127.1726067,"장애아통합,야간연장",2021,N,2024. 9. 1,2024. 9. 15,서울특별시
구립길동어린이집,A,우수,우수,우수,우수,2021-08-01 0:00:00,5345,강동구,11740000490,국공립,서울특별시 강동구 명일로 238 도림시티빌 상가동 1층 1호,02-489-5434,37.53983986,127.1469906,야간연장,2021,N,2024. 8. 1,2024. 8. 15,서울특별시
구립늘해랑어린이집,A,우수,우수,우수,우수,2021-11-01 0:00:00,5222,강동구,11740000532,국공립,서울특별시 강동구 고덕로 399 고덕센트럴푸르지오아파트 관리동,02-429-7942,37.55780333,127.1697865,"장애아통합,야간연장",2021,N,2024. 11. 1,2024. 11. 15,서울특별시
구립도토리어린이집,B,우수,우수,우수,우수,2021-03-01 0:00:00,5215,강동구,11740000509,국공립,"서울특별시 강동구 고덕로97길 20 강일동, 강일리버파크10단지아파트",02-428-3944,37.55947006,127.1812285,야간연장,2021,N,2024. 3. 1,2024. 3. 15,서울특별시
구립롯데캐슬베네루체어린이집,A,우수,우수,우수,우수,2021-01-01 0:00:00,5281,강동구,11740000525,국공립,서울특별시 강동구 구천면로 630 고덕롯데캐슬베네루체 관리동(구립롯데캐슬베네루체어린이집),02-442-7675,37.56647,126.977963,"장애아통합,야간연장",2021,Y,2024. 1. 1,2024. 1. 15,서울특별시
구립상일어린이집,A,우수,우수,우수,우수,2021-07-01 0:00:00,5274,강동구,11740000211,국공립,서울특별시 강동구 고덕로80길 41 구립상일어린이집,02-426-3701,37.55482532,127.1659786,"장애아통합,야간연장",2021,N,2024. 7. 1,2024. 7. 15,서울특별시
구립센트럴아이파크어린이집,A,우수,우수,우수,우수,2021-02-01 0:00:00,5276,강동구,11740000524,국공립,서울특별시 강동구 고덕로80길 99 관리동(구립센트럴아이파크어린이집),02-6013-0320,37.55200402,127.1668211,"장애아통합,야간연장",2021,Y,2024. 2. 1,2024. 2. 15,서울특별시
구립아이누리어린이집,B,우수,보통,우수,우수,2021-08-01 0:00:00,5303,강동구,11740000470,국공립,서울특별시 강동구 양재대로122가길 7,02-470-1300,37.54248661,127.1423471,"장애아통합,야간연장",2021,N,2024. 8. 1,2024. 8. 15,서울특별시
구립엄마품어린이집,A,우수,우수,우수,우수,2021-09-01 0:00:00,5370,강동구,11740000487,국공립,서울특별시 강동구 진황도로 212 둔촌신성미소지움 202동 103호,02-812-6551,37.52720873,127.143332,야간연장,2021,N,2024. 9. 1,2024. 9. 15,서울특별시
구립에코포레어린이집,A,우수,우수,우수,우수,2021-06-01 0:00:00,5300,강동구,11740000530,국공립,서울특별시 강동구 천중로 253 이편한세상강동에코포레아파트 관리동 1층,02-470-0633,37.56647,126.977963,야간연장,2021,N,2024. 6. 1,2024. 6. 15,서울특별시
구립허브림어린이집,A,우수,우수,우수,우수,2021-07-01 0:00:00,5372,강동구,11740000469,국공립,서울특별시 강동구 풍성로65길 15,02-476-6245,37.52880226,127.1393482,야간연장,2021,N,2024. 7. 1,2024. 7. 15,서울특별시
금빛어린이집,A,우수,우수,우수,우수,2021-01-01 0:00:00,5236,강동구,11740000514,협동,"서울특별시 강동구 고덕로27길 36 107동 101호(암사동, 현대홈타운)",02-477-6775,37.55688987,127.1384363,야간연장,2021,Y,2024. 1. 1,2024. 1. 15,서울특별시
꿈쟁이어린이집,B,우수,우수,우수,우수,2021-02-01 0:00:00,5267,강동구,11740000227,가정,"서울특별시 강동구 고덕로 210 506동 106호(명일동, 삼익그린맨션)",02-441-3330,37.55380885,127.1470587,야간연장,2021,Y,2024. 2. 1,2024. 2. 15,서울특별시
무지개어린이집,A,우수,우수,우수,우수,2021-07-01 0:00:00,5218,강동구,11740000237,가정,"서울특별시 강동구 상일로 152 104-102(강일동, 고덕리엔파크A)",02-408-0485,37.56206907,127.1724518,야간연장,2021,N,2024. 7. 1,2024. 7. 15,서울특별시
바움어린이집,A,우수,우수,우수,우수,2021-02-01 0:00:00,5236,강동구,11740000236,가정,"서울특별시 강동구 고덕로 131 133동 101호(암사동, 강동롯데캐슬퍼스트아파트)",02-452-5370,37.55521819,127.137844,야간연장,2021,Y,2024. 2. 1,2024. 2. 15,서울특별시
봄햇살어린이집,A,우수,우수,우수,우수,2021-03-01 0:00:00,5342,강동구,11740000151,민간,서울특별시 강동구 천중로40길 49 (길동  380-2),02-477-4523,37.5388232,127.1383124,일반,2021,N,2024. 3. 1,2024. 3. 15,서울특별시
삼성GEC어린이집,A,우수,우수,우수,우수,2021-07-01 0:00:00,5288,강동구,11740000439,직장,서울특별시 강동구 상일로6길 26,02-2053-6200,37.55411884,127.1757814,일반,2021,N,2024. 7. 1,2024. 7. 15,서울특별시
성내장미어린이집,B,우수,우수,우수,보통,2021-01-01 0:00:00,5382,강동구,11740000422,민간,서울특별시 강동구 풍성로45길 39 (성내2동 504-9),02-3411-9290,37.53245663,127.1304895,일반,2021,Y,2024. 1. 1,2024. 1. 15,서울특별시
아이맘어린이집,A,우수,우수,우수,우수,2021-08-01 0:00:00,5215,강동구,11740000250,가정,"서울특별시 강동구 고덕로97길 20 1008동 104호(강일동, 강일리버파크10단지아파트)",02-427-8546,37.56000323,127.1806799,일반,2021,N,2024. 8. 1,2024. 8. 15,서울특별시
아이재미어린이집,B,우수,우수,보통,우수,2021-07-01 0:00:00,5276,강동구,11740000404,가정,서울특별시 강동구 고덕로80길 99 511동 104호 (고덕센트럴아이파크),070-4197-0464,37.550742,127.1672596,야간연장,2021,N,2024. 7. 1,2024. 7. 15,서울특별시
아이즐어린이집,A,우수,우수,우수,우수,2021-08-01 0:00:00,5208,강동구,11740000415,가정,"서울특별시 강동구 아리수로97길 68 208동 101호(강일동668, 강일리버파크2단지아파트)",02-429-8777,37.56933863,127.176224,야간연장,2021,N,2024. 8. 1,2024. 8. 15,서울특별시
아이캐슬어린이집,A,우수,우수,우수,우수,2021-02-01 0:00:00,5224,강동구,11740000234,가정,서울특별시 강동구 고덕로 333 110동 104호 (고덕그라시움),02-6475-7942,37.55716075,127.1622221,일반,2021,Y,2024. 2. 1,2024. 2. 15,서울특별시
예일어린이집,B,우수,우수,보통,우수,2021-07-01 0:00:00,5408,강동구,11740000020,민간,서울특별시 강동구 양재대로 1305 (성내동441-3),02-473-3006,37.52295459,127.133947,일반,2021,N,2024. 7. 1,2024. 7. 15,서울특별시
이삭숲어린이집,B,우수,우수,보통,우수,2021-07-01 0:00:00,5219,강동구,11740000529,민간,서울특별시 강동구 동남로82길 29-8 이삭숲어린이집,02-441-2914,37.56093959,127.1586976,일반,2021,N,2024. 7. 1,2024. 7. 15,서울특별시
이화어린이집,B,보통,우수,우수,우수,2021-01-01 0:00:00,5369,강동구,11740000099,가정,서울특별시 강동구 진황도로 209-11 (둔촌동 98-48),02-486-1080,37.5277655,127.1448545,야간연장,2021,Y,2024. 1. 1,2024. 1. 15,서울특별시
즐거운어린이집,B,우수,우수,우수,보통,2021-01-01 0:00:00,5377,강동구,11740000103,가정,서울특별시 강동구 풍성로51길 7 (성내동 409-10),02-482-9082,37.53032892,127.1326127,일반,2021,Y,2024. 1. 1,2024. 1. 15,서울특별시
지혜로운어린이집,A,우수,우수,우수,우수,2021-07-01 0:00:00,5252,강동구,11740000366,민간,서울특별시 강동구 고덕로20나길 14,02-429-5551,37.55328722,127.132764,야간연장,2021,N,2024. 7. 1,2024. 7. 15,서울특별시
하늘보라어린이집,A,우수,우수,우수,우수,2021-07-01 0:00:00,5400,강동구,11740000356,가정,"서울특별시 강동구 성내로6가길 29 201동 101호(성내동, 동원아파트)",02-449-6110,37.52780137,127.1239315,야간연장,2021,N,2024. 7. 1,2024. 7. 15,서울특별시
하늘숲어린이집,A,우수,우수,우수,우수,2021-07-01 0:00:00,5258,강동구,11740000447,가정,"서울특별시 강동구 암사19길 25 101동 106호(암사동, 한솔아파트)",02-442-6056,37.55196319,127.1408621,일반,2021,N,2024. 7. 1,2024. 7. 15,서울특별시